date,round_id,course,hole,strokes
2025-06-23,9f3bf980-507c-11f0-9700-02627b678af7,Enagic at Eastlake,1,5
2025-06-23,9f3bf980-507c-11f0-9700-02627b678af7,Enagic at Eastlake,2,5
2025-06-23,9f3bf980-507c-11f0-9700-02627b678af7,Enagic at Eastlake,3,6
2025-06-23,9f3bf980-507c-11f0-9700-02627b678af7,Enagic at Eastlake,4,4
2025-06-23,9f3bf980-507c-11f0-9700-02627b678af7,Enagic at Eastlake,5,6
2025-06-23,9f3bf980-507c-11f0-9700-02627b678af7,Enagic at Eastlake,6,6
2025-06-23,9f3bf980-507c-11f0-9700-02627b678af7,Enagic at Eastlake,7,4
2025-06-23,9f3bf980-507c-11f0-9700-02627b678af7,Enagic at Eastlake,8,4
2025-06-23,9f3bf980-507c-11f0-9700-02627b678af7,Enagic at Eastlake,9,6
2025-06-23,9f3bf980-507c-11f0-9700-02627b678af7,Enagic at Eastlake,10,7
2025-06-23,9f3bf980-507c-11f0-9700-02627b678af7,Enagic at Eastlake,11,7
2025-06-23,9f3bf980-507c-11f0-9700-02627b678af7,Enagic at Eastlake,12,4
2025-06-23,9f3bf980-507c-11f0-9700-02627b678af7,Enagic at Eastlake,13,6
2025-06-23,9f3bf980-507c-11f0-9700-02627b678af7,Enagic at Eastlake,14,7
2025-06-23,9f3bf980-507c-11f0-9700-02627b678af7,Enagic at Eastlake,15,4
2025-06-23,9f3bf980-507c-11f0-9700-02627b678af7,Enagic at Eastlake,16,5
2025-06-23,9f3bf980-507c-11f0-9700-02627b678af7,Enagic at Eastlake,17,6
2025-06-23,9f3bf980-507c-11f0-9700-02627b678af7,Enagic at Eastlake,18,5
2025-06-28,57035b10-542b-11f0-9783-0ab15c307481,Flamingo Lakes Country Club,1,7
2025-06-28,57035b10-542b-11f0-9783-0ab15c307481,Flamingo Lakes Country Club,2,5
2025-06-28,57035b10-542b-11f0-9783-0ab15c307481,Flamingo Lakes Country Club,3,9
2025-06-28,57035b10-542b-11f0-9783-0ab15c307481,Flamingo Lakes Country Club,4,6
2025-06-28,57035b10-542b-11f0-9783-0ab15c307481,Flamingo Lakes Country Club,5,6
2025-06-28,57035b10-542b-11f0-9783-0ab15c307481,Flamingo Lakes Country Club,6,7
2025-06-28,57035b10-542b-11f0-9783-0ab15c307481,Flamingo Lakes Country Club,7,7
2025-06-28,57035b10-542b-11f0-9783-0ab15c307481,Flamingo Lakes Country Club,8,8
2025-06-28,57035b10-542b-11f0-9783-0ab15c307481,Flamingo Lakes Country Club,9,5
2025-06-28,57035b10-542b-11f0-9783-0ab15c307481,Flamingo Lakes Country Club,10,6
2025-06-28,57035b10-542b-11f0-9783-0ab15c307481,Flamingo Lakes Country Club,11,6
2025-06-28,57035b10-542b-11f0-9783-0ab15c307481,Flamingo Lakes Country Club,12,5
2025-06-28,57035b10-542b-11f0-9783-0ab15c307481,Flamingo Lakes Country Club,13,5
2025-06-28,57035b10-542b-11f0-9783-0ab15c307481,Flamingo Lakes Country Club,14,4
2025-06-28,57035b10-542b-11f0-9783-0ab15c307481,Flamingo Lakes Country Club,15,5
2025-06-28,57035b10-542b-11f0-9783-0ab15c307481,Flamingo Lakes Country Club,16,4
2025-06-28,57035b10-542b-11f0-9783-0ab15c307481,Flamingo Lakes Country Club,17,5
2025-06-28,57035b10-542b-11f0-9783-0ab15c307481,Flamingo Lakes Country Club,18,7
2025-07-03,ffdbb700-582c-11f0-b21b-029b90f35a4e,La Cantera Golf Club,1,6
2025-07-03,ffdbb700-582c-11f0-b21b-029b90f35a4e,La Cantera Golf Club,2,5
2025-07-03,ffdbb700-582c-11f0-b21b-029b90f35a4e,La Cantera Golf Club,3,2
2025-07-03,ffdbb700-582c-11f0-b21b-029b90f35a4e,La Cantera Golf Club,4,7
2025-07-03,ffdbb700-582c-11f0-b21b-029b90f35a4e,La Cantera Golf Club,5,8
2025-07-03,ffdbb700-582c-11f0-b21b-029b90f35a4e,La Cantera Golf Club,6,4
2025-07-03,ffdbb700-582c-11f0-b21b-029b90f35a4e,La Cantera Golf Club,7,5
2025-07-03,ffdbb700-582c-11f0-b21b-029b90f35a4e,La Cantera Golf Club,8,5
2025-07-03,ffdbb700-582c-11f0-b21b-029b90f35a4e,La Cantera Golf Club,9,7
2025-07-03,ffdbb700-582c-11f0-b21b-029b90f35a4e,La Cantera Golf Club,10,8
2025-07-03,ffdbb700-582c-11f0-b21b-029b90f35a4e,La Cantera Golf Club,11,5
2025-07-03,ffdbb700-582c-11f0-b21b-029b90f35a4e,La Cantera Golf Club,12,5
2025-07-03,ffdbb700-582c-11f0-b21b-029b90f35a4e,La Cantera Golf Club,13,3
2025-07-03,ffdbb700-582c-11f0-b21b-029b90f35a4e,La Cantera Golf Club,14,6
2025-07-03,ffdbb700-582c-11f0-b21b-029b90f35a4e,La Cantera Golf Club,15,6
2025-07-03,ffdbb700-582c-11f0-b21b-029b90f35a4e,La Cantera Golf Club,16,4
2025-07-03,ffdbb700-582c-11f0-b21b-029b90f35a4e,La Cantera Golf Club,17,5
2025-07-03,ffdbb700-582c-11f0-b21b-029b90f35a4e,La Cantera Golf Club,18,5
2025-07-04,caf94680-58e3-11f0-ad4f-06dc4cbfdf1e,Grey Rock Golf Club,1,5
2025-07-04,caf94680-58e3-11f0-ad4f-06dc4cbfdf1e,Grey Rock Golf Club,2,5
2025-07-04,caf94680-58e3-11f0-ad4f-06dc4cbfdf1e,Grey Rock Golf Club,3,6
2025-07-04,caf94680-58e3-11f0-ad4f-06dc4cbfdf1e,Grey Rock Golf Club,4,6
2025-07-04,caf94680-58e3-11f0-ad4f-06dc4cbfdf1e,Grey Rock Golf Club,5,6
2025-07-04,caf94680-58e3-11f0-ad4f-06dc4cbfdf1e,Grey Rock Golf Club,6,6
2025-07-04,caf94680-58e3-11f0-ad4f-06dc4cbfdf1e,Grey Rock Golf Club,7,9
2025-07-04,caf94680-58e3-11f0-ad4f-06dc4cbfdf1e,Grey Rock Golf Club,8,3
2025-07-04,caf94680-58e3-11f0-ad4f-06dc4cbfdf1e,Grey Rock Golf Club,9,6
2025-07-04,caf94680-58e3-11f0-ad4f-06dc4cbfdf1e,Grey Rock Golf Club,10,7
2025-07-04,caf94680-58e3-11f0-ad4f-06dc4cbfdf1e,Grey Rock Golf Club,11,6
2025-07-04,caf94680-58e3-11f0-ad4f-06dc4cbfdf1e,Grey Rock Golf Club,12,5
2025-07-04,caf94680-58e3-11f0-ad4f-06dc4cbfdf1e,Grey Rock Golf Club,13,3
2025-07-04,caf94680-58e3-11f0-ad4f-06dc4cbfdf1e,Grey Rock Golf Club,14,9
2025-07-04,caf94680-58e3-11f0-ad4f-06dc4cbfdf1e,Grey Rock Golf Club,15,6
2025-07-04,caf94680-58e3-11f0-ad4f-06dc4cbfdf1e,Grey Rock Golf Club,16,4
2025-07-04,caf94680-58e3-11f0-ad4f-06dc4cbfdf1e,Grey Rock Golf Club,17,6
2025-07-04,caf94680-58e3-11f0-ad4f-06dc4cbfdf1e,Grey Rock Golf Club,18,5
2025-07-06,a51268d0-5a86-11f0-bc8e-06508d097ff9,Plum Creek Golf Course,1,4
2025-07-06,a51268d0-5a86-11f0-bc8e-06508d097ff9,Plum Creek Golf Course,2,7
2025-07-06,a51268d0-5a86-11f0-bc8e-06508d097ff9,Plum Creek Golf Course,3,5
2025-07-06,a51268d0-5a86-11f0-bc8e-06508d097ff9,Plum Creek Golf Course,4,4
2025-07-06,a51268d0-5a86-11f0-bc8e-06508d097ff9,Plum Creek Golf Course,5,6
2025-07-06,a51268d0-5a86-11f0-bc8e-06508d097ff9,Plum Creek Golf Course,6,4
2025-07-06,a51268d0-5a86-11f0-bc8e-06508d097ff9,Plum Creek Golf Course,7,5
2025-07-06,a51268d0-5a86-11f0-bc8e-06508d097ff9,Plum Creek Golf Course,8,3
2025-07-06,a51268d0-5a86-11f0-bc8e-06508d097ff9,Plum Creek Golf Course,9,6
2025-07-06,a51268d0-5a86-11f0-bc8e-06508d097ff9,Plum Creek Golf Course,10,6
2025-07-06,a51268d0-5a86-11f0-bc8e-06508d097ff9,Plum Creek Golf Course,11,6
2025-07-06,a51268d0-5a86-11f0-bc8e-06508d097ff9,Plum Creek Golf Course,12,5
2025-07-06,a51268d0-5a86-11f0-bc8e-06508d097ff9,Plum Creek Golf Course,13,4
2025-07-06,a51268d0-5a86-11f0-bc8e-06508d097ff9,Plum Creek Golf Course,14,4
2025-07-06,a51268d0-5a86-11f0-bc8e-06508d097ff9,Plum Creek Golf Course,15,6
2025-07-06,a51268d0-5a86-11f0-bc8e-06508d097ff9,Plum Creek Golf Course,16,4
2025-07-06,a51268d0-5a86-11f0-bc8e-06508d097ff9,Plum Creek Golf Course,17,5
2025-07-06,a51268d0-5a86-11f0-bc8e-06508d097ff9,Plum Creek Golf Course,18,5
2025-07-07,1bb734d0-5b53-11f0-bfd4-021d58ec5439,Roy Kizer Golf Course,1,5
2025-07-07,1bb734d0-5b53-11f0-bfd4-021d58ec5439,Roy Kizer Golf Course,2,5
2025-07-07,1bb734d0-5b53-11f0-bfd4-021d58ec5439,Roy Kizer Golf Course,3,4
2025-07-07,1bb734d0-5b53-11f0-bfd4-021d58ec5439,Roy Kizer Golf Course,4,5
2025-07-07,1bb734d0-5b53-11f0-bfd4-021d58ec5439,Roy Kizer Golf Course,5,6
2025-07-07,1bb734d0-5b53-11f0-bfd4-021d58ec5439,Roy Kizer Golf Course,6,6
2025-07-07,1bb734d0-5b53-11f0-bfd4-021d58ec5439,Roy Kizer Golf Course,7,7
2025-07-07,1bb734d0-5b53-11f0-bfd4-021d58ec5439,Roy Kizer Golf Course,8,3
2025-07-07,1bb734d0-5b53-11f0-bfd4-021d58ec5439,Roy Kizer Golf Course,9,6
2025-07-07,1bb734d0-5b53-11f0-bfd4-021d58ec5439,Roy Kizer Golf Course,10,6
2025-07-07,1bb734d0-5b53-11f0-bfd4-021d58ec5439,Roy Kizer Golf Course,11,6
2025-07-07,1bb734d0-5b53-11f0-bfd4-021d58ec5439,Roy Kizer Golf Course,12,5
2025-07-07,1bb734d0-5b53-11f0-bfd4-021d58ec5439,Roy Kizer Golf Course,13,4
2025-07-07,1bb734d0-5b53-11f0-bfd4-021d58ec5439,Roy Kizer Golf Course,14,6
2025-07-07,1bb734d0-5b53-11f0-bfd4-021d58ec5439,Roy Kizer Golf Course,15,3
2025-07-07,1bb734d0-5b53-11f0-bfd4-021d58ec5439,Roy Kizer Golf Course,16,3
2025-07-07,1bb734d0-5b53-11f0-bfd4-021d58ec5439,Roy Kizer Golf Course,17,6
2025-07-07,1bb734d0-5b53-11f0-bfd4-021d58ec5439,Roy Kizer Golf Course,18,6
2025-07-13,56d00d20-5fff-11f0-a782-06508d097ff9,Miami Springs Golf & Country Club,1,7
2025-07-13,56d00d20-5fff-11f0-a782-06508d097ff9,Miami Springs Golf & Country Club,2,6
2025-07-13,56d00d20-5fff-11f0-a782-06508d097ff9,Miami Springs Golf & Country Club,3,4
2025-07-13,56d00d20-5fff-11f0-a782-06508d097ff9,Miami Springs Golf & Country Club,4,4
2025-07-13,56d00d20-5fff-11f0-a782-06508d097ff9,Miami Springs Golf & Country Club,5,6
2025-07-13,56d00d20-5fff-11f0-a782-06508d097ff9,Miami Springs Golf & Country Club,6,5
2025-07-13,56d00d20-5fff-11f0-a782-06508d097ff9,Miami Springs Golf & Country Club,7,4
2025-07-13,56d00d20-5fff-11f0-a782-06508d097ff9,Miami Springs Golf & Country Club,8,4
2025-07-13,56d00d20-5fff-11f0-a782-06508d097ff9,Miami Springs Golf & Country Club,9,5
2025-07-13,56d00d20-5fff-11f0-a782-06508d097ff9,Miami Springs Golf & Country Club,10,5
2025-07-13,56d00d20-5fff-11f0-a782-06508d097ff9,Miami Springs Golf & Country Club,11,5
2025-07-13,56d00d20-5fff-11f0-a782-06508d097ff9,Miami Springs Golf & Country Club,12,3
2025-07-13,56d00d20-5fff-11f0-a782-06508d097ff9,Miami Springs Golf & Country Club,13,7
2025-07-13,56d00d20-5fff-11f0-a782-06508d097ff9,Miami Springs Golf & Country Club,14,6
2025-07-13,56d00d20-5fff-11f0-a782-06508d097ff9,Miami Springs Golf & Country Club,15,7
2025-07-13,56d00d20-5fff-11f0-a782-06508d097ff9,Miami Springs Golf & Country Club,16,4
2025-07-13,56d00d20-5fff-11f0-a782-06508d097ff9,Miami Springs Golf & Country Club,17,6
2025-07-13,56d00d20-5fff-11f0-a782-06508d097ff9,Miami Springs Golf & Country Club,18,5
2025-07-26,08b80380-6a5f-11f0-9683-06d15d9e7497,Miami Springs Golf & Country Club,1,6
2025-07-26,08b80380-6a5f-11f0-9683-06d15d9e7497,Miami Springs Golf & Country Club,2,5
2025-07-26,08b80380-6a5f-11f0-9683-06d15d9e7497,Miami Springs Golf & Country Club,3,5
2025-07-26,08b80380-6a5f-11f0-9683-06d15d9e7497,Miami Springs Golf & Country Club,4,4
2025-07-26,08b80380-6a5f-11f0-9683-06d15d9e7497,Miami Springs Golf & Country Club,5,6
2025-07-26,08b80380-6a5f-11f0-9683-06d15d9e7497,Miami Springs Golf & Country Club,6,5
2025-07-26,08b80380-6a5f-11f0-9683-06d15d9e7497,Miami Springs Golf & Country Club,7,5
2025-07-26,08b80380-6a5f-11f0-9683-06d15d9e7497,Miami Springs Golf & Country Club,8,5
2025-07-26,08b80380-6a5f-11f0-9683-06d15d9e7497,Miami Springs Golf & Country Club,9,6
2025-07-26,08b80380-6a5f-11f0-9683-06d15d9e7497,Miami Springs Golf & Country Club,10,5
2025-07-26,08b80380-6a5f-11f0-9683-06d15d9e7497,Miami Springs Golf & Country Club,11,6
2025-07-26,08b80380-6a5f-11f0-9683-06d15d9e7497,Miami Springs Golf & Country Club,12,5
2025-07-26,08b80380-6a5f-11f0-9683-06d15d9e7497,Miami Springs Golf & Country Club,13,6
2025-07-26,08b80380-6a5f-11f0-9683-06d15d9e7497,Miami Springs Golf & Country Club,14,6
2025-07-26,08b80380-6a5f-11f0-9683-06d15d9e7497,Miami Springs Golf & Country Club,15,8
2025-07-26,08b80380-6a5f-11f0-9683-06d15d9e7497,Miami Springs Golf & Country Club,16,5
2025-07-26,08b80380-6a5f-11f0-9683-06d15d9e7497,Miami Springs Golf & Country Club,17,7
2025-07-26,08b80380-6a5f-11f0-9683-06d15d9e7497,Miami Springs Golf & Country Club,18,6
2025-07-28,7dca4990-6be4-11f0-ae88-06508d097ff9,Miami Beach Golf Club,1,6
2025-07-28,7dca4990-6be4-11f0-ae88-06508d097ff9,Miami Beach Golf Club,2,6
2025-07-28,7dca4990-6be4-11f0-ae88-06508d097ff9,Miami Beach Golf Club,3,4
2025-07-28,7dca4990-6be4-11f0-ae88-06508d097ff9,Miami Beach Golf Club,4,6
2025-07-28,7dca4990-6be4-11f0-ae88-06508d097ff9,Miami Beach Golf Club,5,5
2025-07-28,7dca4990-6be4-11f0-ae88-06508d097ff9,Miami Beach Golf Club,6,4
2025-07-28,7dca4990-6be4-11f0-ae88-06508d097ff9,Miami Beach Golf Club,7,7
2025-07-28,7dca4990-6be4-11f0-ae88-06508d097ff9,Miami Beach Golf Club,8,5
2025-07-28,7dca4990-6be4-11f0-ae88-06508d097ff9,Miami Beach Golf Club,9,4
2025-07-28,7dca4990-6be4-11f0-ae88-06508d097ff9,Miami Beach Golf Club,10,7
2025-07-28,7dca4990-6be4-11f0-ae88-06508d097ff9,Miami Beach Golf Club,11,6
2025-07-28,7dca4990-6be4-11f0-ae88-06508d097ff9,Miami Beach Golf Club,12,7
2025-07-28,7dca4990-6be4-11f0-ae88-06508d097ff9,Miami Beach Golf Club,13,5
2025-07-28,7dca4990-6be4-11f0-ae88-06508d097ff9,Miami Beach Golf Club,14,4
2025-07-28,7dca4990-6be4-11f0-ae88-06508d097ff9,Miami Beach Golf Club,15,6
2025-07-28,7dca4990-6be4-11f0-ae88-06508d097ff9,Miami Beach Golf Club,16,5
2025-07-28,7dca4990-6be4-11f0-ae88-06508d097ff9,Miami Beach Golf Club,17,3
2025-07-28,7dca4990-6be4-11f0-ae88-06508d097ff9,Miami Beach Golf Club,18,5
2025-08-02,91b783a1-6fcc-11f0-8ca3-021d58ec5439,Normandy Shores Golf Course,1,5
2025-08-02,91b783a1-6fcc-11f0-8ca3-021d58ec5439,Normandy Shores Golf Course,2,6
2025-08-02,91b783a1-6fcc-11f0-8ca3-021d58ec5439,Normandy Shores Golf Course,3,6
2025-08-02,91b783a1-6fcc-11f0-8ca3-021d58ec5439,Normandy Shores Golf Course,4,6
2025-08-02,91b783a1-6fcc-11f0-8ca3-021d58ec5439,Normandy Shores Golf Course,5,6
2025-08-02,91b783a1-6fcc-11f0-8ca3-021d58ec5439,Normandy Shores Golf Course,6,5
2025-08-02,91b783a1-6fcc-11f0-8ca3-021d58ec5439,Normandy Shores Golf Course,7,6
2025-08-02,91b783a1-6fcc-11f0-8ca3-021d58ec5439,Normandy Shores Golf Course,8,5
2025-08-02,91b783a1-6fcc-11f0-8ca3-021d58ec5439,Normandy Shores Golf Course,9,6
2025-08-02,91b783a1-6fcc-11f0-8ca3-021d58ec5439,Normandy Shores Golf Course,10,6
2025-08-02,91b783a1-6fcc-11f0-8ca3-021d58ec5439,Normandy Shores Golf Course,11,7
2025-08-02,91b783a1-6fcc-11f0-8ca3-021d58ec5439,Normandy Shores Golf Course,12,6
2025-08-02,91b783a1-6fcc-11f0-8ca3-021d58ec5439,Normandy Shores Golf Course,13,5
2025-08-02,91b783a1-6fcc-11f0-8ca3-021d58ec5439,Normandy Shores Golf Course,14,5
2025-08-02,91b783a1-6fcc-11f0-8ca3-021d58ec5439,Normandy Shores Golf Course,15,7
2025-08-02,91b783a1-6fcc-11f0-8ca3-021d58ec5439,Normandy Shores Golf Course,16,8
2025-08-02,91b783a1-6fcc-11f0-8ca3-021d58ec5439,Normandy Shores Golf Course,17,5
2025-08-02,91b783a1-6fcc-11f0-8ca3-021d58ec5439,Normandy Shores Golf Course,18,5
2025-08-03,3c8425d0-70aa-11f0-a724-02627b678af7,Miami Beach Golf Club,1,5
2025-08-03,3c8425d0-70aa-11f0-a724-02627b678af7,Miami Beach Golf Club,2,6
2025-08-03,3c8425d0-70aa-11f0-a724-02627b678af7,Miami Beach Golf Club,3,6
2025-08-03,3c8425d0-70aa-11f0-a724-02627b678af7,Miami Beach Golf Club,4,7
2025-08-03,3c8425d0-70aa-11f0-a724-02627b678af7,Miami Beach Golf Club,5,4
2025-08-03,3c8425d0-70aa-11f0-a724-02627b678af7,Miami Beach Golf Club,6,7
2025-08-03,3c8425d0-70aa-11f0-a724-02627b678af7,Miami Beach Golf Club,7,5
2025-08-03,3c8425d0-70aa-11f0-a724-02627b678af7,Miami Beach Golf Club,8,4
2025-08-03,3c8425d0-70aa-11f0-a724-02627b678af7,Miami Beach Golf Club,9,5
2025-08-03,3c8425d0-70aa-11f0-a724-02627b678af7,Miami Beach Golf Club,10,8
2025-08-03,3c8425d0-70aa-11f0-a724-02627b678af7,Miami Beach Golf Club,11,5
2025-08-03,3c8425d0-70aa-11f0-a724-02627b678af7,Miami Beach Golf Club,12,4
2025-08-03,3c8425d0-70aa-11f0-a724-02627b678af7,Miami Beach Golf Club,13,6
2025-08-03,3c8425d0-70aa-11f0-a724-02627b678af7,Miami Beach Golf Club,14,6
2025-08-03,3c8425d0-70aa-11f0-a724-02627b678af7,Miami Beach Golf Club,15,3
2025-08-03,3c8425d0-70aa-11f0-a724-02627b678af7,Miami Beach Golf Club,16,5
2025-08-03,3c8425d0-70aa-11f0-a724-02627b678af7,Miami Beach Golf Club,17,5
2025-08-03,3c8425d0-70aa-11f0-a724-02627b678af7,Miami Beach Golf Club,18,4
2025-08-04,5c244560-7162-11f0-bb1e-06dc4cbfdf1e,Miami Beach Golf Club,1,7
2025-08-04,5c244560-7162-11f0-bb1e-06dc4cbfdf1e,Miami Beach Golf Club,2,7
2025-08-04,5c244560-7162-11f0-bb1e-06dc4cbfdf1e,Miami Beach Golf Club,3,4
2025-08-04,5c244560-7162-11f0-bb1e-06dc4cbfdf1e,Miami Beach Golf Club,4,5
2025-08-04,5c244560-7162-11f0-bb1e-06dc4cbfdf1e,Miami Beach Golf Club,5,7
2025-08-04,5c244560-7162-11f0-bb1e-06dc4cbfdf1e,Miami Beach Golf Club,6,4
2025-08-04,5c244560-7162-11f0-bb1e-06dc4cbfdf1e,Miami Beach Golf Club,7,5
2025-08-04,5c244560-7162-11f0-bb1e-06dc4cbfdf1e,Miami Beach Golf Club,8,5
2025-08-04,5c244560-7162-11f0-bb1e-06dc4cbfdf1e,Miami Beach Golf Club,9,5
2025-08-04,5c244560-7162-11f0-bb1e-06dc4cbfdf1e,Miami Beach Golf Club,10,6
2025-08-04,5c244560-7162-11f0-bb1e-06dc4cbfdf1e,Miami Beach Golf Club,11,5
2025-08-04,5c244560-7162-11f0-bb1e-06dc4cbfdf1e,Miami Beach Golf Club,12,6
2025-08-04,5c244560-7162-11f0-bb1e-06dc4cbfdf1e,Miami Beach Golf Club,13,5
2025-08-04,5c244560-7162-11f0-bb1e-06dc4cbfdf1e,Miami Beach Golf Club,14,4
2025-08-04,5c244560-7162-11f0-bb1e-06dc4cbfdf1e,Miami Beach Golf Club,15,5
2025-08-04,5c244560-7162-11f0-bb1e-06dc4cbfdf1e,Miami Beach Golf Club,16,5
2025-08-04,5c244560-7162-11f0-bb1e-06dc4cbfdf1e,Miami Beach Golf Club,17,3
2025-08-04,5c244560-7162-11f0-bb1e-06dc4cbfdf1e,Miami Beach Golf Club,18,5
2025-08-09,a2e96194-7551-11f0-8507-0a202d83cc26,Enagic at Eastlake,1,4
2025-08-09,a2e96194-7551-11f0-8507-0a202d83cc26,Enagic at Eastlake,2,4
2025-08-09,a2e96194-7551-11f0-8507-0a202d83cc26,Enagic at Eastlake,3,5
2025-08-09,a2e96194-7551-11f0-8507-0a202d83cc26,Enagic at Eastlake,4,3
2025-08-09,a2e96194-7551-11f0-8507-0a202d83cc26,Enagic at Eastlake,5,6
2025-08-09,a2e96194-7551-11f0-8507-0a202d83cc26,Enagic at Eastlake,6,5
2025-08-09,a2e96194-7551-11f0-8507-0a202d83cc26,Enagic at Eastlake,7,5
2025-08-09,a2e96194-7551-11f0-8507-0a202d83cc26,Enagic at Eastlake,8,4
2025-08-09,a2e96194-7551-11f0-8507-0a202d83cc26,Enagic at Eastlake,9,7
2025-08-09,a2e96194-7551-11f0-8507-0a202d83cc26,Enagic at Eastlake,10,5
2025-08-09,a2e96194-7551-11f0-8507-0a202d83cc26,Enagic at Eastlake,11,5
2025-08-09,a2e96194-7551-11f0-8507-0a202d83cc26,Enagic at Eastlake,12,6
2025-08-09,a2e96194-7551-11f0-8507-0a202d83cc26,Enagic at Eastlake,13,4
2025-08-09,a2e96194-7551-11f0-8507-0a202d83cc26,Enagic at Eastlake,14,6
2025-08-09,a2e96194-7551-11f0-8507-0a202d83cc26,Enagic at Eastlake,15,7
2025-08-09,a2e96194-7551-11f0-8507-0a202d83cc26,Enagic at Eastlake,16,4
2025-08-09,a2e96194-7551-11f0-8507-0a202d83cc26,Enagic at Eastlake,17,4
2025-08-09,a2e96194-7551-11f0-8507-0a202d83cc26,Enagic at Eastlake,18,5
2025-08-11,3f8e25a1-76f9-11f0-b80f-06dc4cbfdf1e,Enagic at Eastlake,1,4
2025-08-11,3f8e25a1-76f9-11f0-b80f-06dc4cbfdf1e,Enagic at Eastlake,2,5
2025-08-11,3f8e25a1-76f9-11f0-b80f-06dc4cbfdf1e,Enagic at Eastlake,3,4
2025-08-11,3f8e25a1-76f9-11f0-b80f-06dc4cbfdf1e,Enagic at Eastlake,4,4
2025-08-11,3f8e25a1-76f9-11f0-b80f-06dc4cbfdf1e,Enagic at Eastlake,5,7
2025-08-11,3f8e25a1-76f9-11f0-b80f-06dc4cbfdf1e,Enagic at Eastlake,6,5
2025-08-11,3f8e25a1-76f9-11f0-b80f-06dc4cbfdf1e,Enagic at Eastlake,7,4
2025-08-11,3f8e25a1-76f9-11f0-b80f-06dc4cbfdf1e,Enagic at Eastlake,8,4
2025-08-11,3f8e25a1-76f9-11f0-b80f-06dc4cbfdf1e,Enagic at Eastlake,9,6
2025-08-11,3f8e25a1-76f9-11f0-b80f-06dc4cbfdf1e,Enagic at Eastlake,10,5
2025-08-11,3f8e25a1-76f9-11f0-b80f-06dc4cbfdf1e,Enagic at Eastlake,11,5
2025-08-11,3f8e25a1-76f9-11f0-b80f-06dc4cbfdf1e,Enagic at Eastlake,12,4
2025-08-11,3f8e25a1-76f9-11f0-b80f-06dc4cbfdf1e,Enagic at Eastlake,13,5
2025-08-11,3f8e25a1-76f9-11f0-b80f-06dc4cbfdf1e,Enagic at Eastlake,14,8
2025-08-11,3f8e25a1-76f9-11f0-b80f-06dc4cbfdf1e,Enagic at Eastlake,15,6
2025-08-11,3f8e25a1-76f9-11f0-b80f-06dc4cbfdf1e,Enagic at Eastlake,16,7
2025-08-11,3f8e25a1-76f9-11f0-b80f-06dc4cbfdf1e,Enagic at Eastlake,17,6
2025-08-11,3f8e25a1-76f9-11f0-b80f-06dc4cbfdf1e,Enagic at Eastlake,18,8
2025-08-12,e9a519f0-77b6-11f0-8789-0ab15c307481,Enagic at Eastlake,1,5
2025-08-12,e9a519f0-77b6-11f0-8789-0ab15c307481,Enagic at Eastlake,2,4
2025-08-12,e9a519f0-77b6-11f0-8789-0ab15c307481,Enagic at Eastlake,3,5
2025-08-12,e9a519f0-77b6-11f0-8789-0ab15c307481,Enagic at Eastlake,4,4
2025-08-12,e9a519f0-77b6-11f0-8789-0ab15c307481,Enagic at Eastlake,5,5
2025-08-12,e9a519f0-77b6-11f0-8789-0ab15c307481,Enagic at Eastlake,6,4
2025-08-12,e9a519f0-77b6-11f0-8789-0ab15c307481,Enagic at Eastlake,7,3
2025-08-12,e9a519f0-77b6-11f0-8789-0ab15c307481,Enagic at Eastlake,8,4
2025-08-12,e9a519f0-77b6-11f0-8789-0ab15c307481,Enagic at Eastlake,9,6
2025-08-12,e9a519f0-77b6-11f0-8789-0ab15c307481,Enagic at Eastlake,10,5
2025-08-12,e9a519f0-77b6-11f0-8789-0ab15c307481,Enagic at Eastlake,11,4
2025-08-12,e9a519f0-77b6-11f0-8789-0ab15c307481,Enagic at Eastlake,12,2
2025-08-12,e9a519f0-77b6-11f0-8789-0ab15c307481,Enagic at Eastlake,13,6
2025-08-12,e9a519f0-77b6-11f0-8789-0ab15c307481,Enagic at Eastlake,14,6
2025-08-12,e9a519f0-77b6-11f0-8789-0ab15c307481,Enagic at Eastlake,15,5
2025-08-12,e9a519f0-77b6-11f0-8789-0ab15c307481,Enagic at Eastlake,16,6
2025-08-12,e9a519f0-77b6-11f0-8789-0ab15c307481,Enagic at Eastlake,17,4
2025-08-12,e9a519f0-77b6-11f0-8789-0ab15c307481,Enagic at Eastlake,18,6
2025-08-13,e9983180-788e-11f0-9519-06d15d9e7497,Campestre de Tijuana,1,6
2025-08-13,e9983180-788e-11f0-9519-06d15d9e7497,Campestre de Tijuana,2,4
2025-08-13,e9983180-788e-11f0-9519-06d15d9e7497,Campestre de Tijuana,3,5
2025-08-13,e9983180-788e-11f0-9519-06d15d9e7497,Campestre de Tijuana,4,5
2025-08-13,e9983180-788e-11f0-9519-06d15d9e7497,Campestre de Tijuana,5,5
2025-08-13,e9983180-788e-11f0-9519-06d15d9e7497,Campestre de Tijuana,6,3
2025-08-13,e9983180-788e-11f0-9519-06d15d9e7497,Campestre de Tijuana,7,4
2025-08-13,e9983180-788e-11f0-9519-06d15d9e7497,Campestre de Tijuana,8,5
2025-08-13,e9983180-788e-11f0-9519-06d15d9e7497,Campestre de Tijuana,9,7
2025-08-13,e9983180-788e-11f0-9519-06d15d9e7497,Campestre de Tijuana,10,5
2025-08-13,e9983180-788e-11f0-9519-06d15d9e7497,Campestre de Tijuana,11,5
2025-08-13,e9983180-788e-11f0-9519-06d15d9e7497,Campestre de Tijuana,12,3
2025-08-13,e9983180-788e-11f0-9519-06d15d9e7497,Campestre de Tijuana,13,6
2025-08-13,e9983180-788e-11f0-9519-06d15d9e7497,Campestre de Tijuana,14,6
2025-08-13,e9983180-788e-11f0-9519-06d15d9e7497,Campestre de Tijuana,15,5
2025-08-13,e9983180-788e-11f0-9519-06d15d9e7497,Campestre de Tijuana,16,4
2025-08-13,e9983180-788e-11f0-9519-06d15d9e7497,Campestre de Tijuana,17,7
2025-08-13,e9983180-788e-11f0-9519-06d15d9e7497,Campestre de Tijuana,18,4
2025-08-14,6274aa90-7946-11f0-b126-0a202d83cc26,Campestre de Tijuana,1,6
2025-08-14,6274aa90-7946-11f0-b126-0a202d83cc26,Campestre de Tijuana,2,4
2025-08-14,6274aa90-7946-11f0-b126-0a202d83cc26,Campestre de Tijuana,3,5
2025-08-14,6274aa90-7946-11f0-b126-0a202d83cc26,Campestre de Tijuana,4,6
2025-08-14,6274aa90-7946-11f0-b126-0a202d83cc26,Campestre de Tijuana,5,4
2025-08-14,6274aa90-7946-11f0-b126-0a202d83cc26,Campestre de Tijuana,6,5
2025-08-14,6274aa90-7946-11f0-b126-0a202d83cc26,Campestre de Tijuana,7,3
2025-08-14,6274aa90-7946-11f0-b126-0a202d83cc26,Campestre de Tijuana,8,9
2025-08-14,6274aa90-7946-11f0-b126-0a202d83cc26,Campestre de Tijuana,9,5
2025-08-16,8342b600-7ab2-11f0-9519-06d15d9e7497,Campestre de Tijuana,1,6
2025-08-16,8342b600-7ab2-11f0-9519-06d15d9e7497,Campestre de Tijuana,2,3
2025-08-16,8342b600-7ab2-11f0-9519-06d15d9e7497,Campestre de Tijuana,3,5
2025-08-16,8342b600-7ab2-11f0-9519-06d15d9e7497,Campestre de Tijuana,4,6
2025-08-16,8342b600-7ab2-11f0-9519-06d15d9e7497,Campestre de Tijuana,5,5
2025-08-16,8342b600-7ab2-11f0-9519-06d15d9e7497,Campestre de Tijuana,6,3
2025-08-16,8342b600-7ab2-11f0-9519-06d15d9e7497,Campestre de Tijuana,7,5
2025-08-16,8342b600-7ab2-11f0-9519-06d15d9e7497,Campestre de Tijuana,8,5
2025-08-16,8342b600-7ab2-11f0-9519-06d15d9e7497,Campestre de Tijuana,9,6
2025-08-16,8342b600-7ab2-11f0-9519-06d15d9e7497,Campestre de Tijuana,10,5
2025-08-16,8342b600-7ab2-11f0-9519-06d15d9e7497,Campestre de Tijuana,11,4
2025-08-16,8342b600-7ab2-11f0-9519-06d15d9e7497,Campestre de Tijuana,12,4
2025-08-16,8342b600-7ab2-11f0-9519-06d15d9e7497,Campestre de Tijuana,13,5
2025-08-16,8342b600-7ab2-11f0-9519-06d15d9e7497,Campestre de Tijuana,14,4
2025-08-16,8342b600-7ab2-11f0-9519-06d15d9e7497,Campestre de Tijuana,15,5
2025-08-16,8342b600-7ab2-11f0-9519-06d15d9e7497,Campestre de Tijuana,16,5
2025-08-16,8342b600-7ab2-11f0-9519-06d15d9e7497,Campestre de Tijuana,17,5
2025-08-16,8342b600-7ab2-11f0-9519-06d15d9e7497,Campestre de Tijuana,18,4
2025-08-17,d4c39360-7ba6-11f0-896f-06dc4cbfdf1e,Campestre de Tijuana,1,5
2025-08-17,d4c39360-7ba6-11f0-896f-06dc4cbfdf1e,Campestre de Tijuana,2,4
2025-08-17,d4c39360-7ba6-11f0-896f-06dc4cbfdf1e,Campestre de Tijuana,3,5
2025-08-17,d4c39360-7ba6-11f0-896f-06dc4cbfdf1e,Campestre de Tijuana,4,5
2025-08-17,d4c39360-7ba6-11f0-896f-06dc4cbfdf1e,Campestre de Tijuana,5,5
2025-08-17,d4c39360-7ba6-11f0-896f-06dc4cbfdf1e,Campestre de Tijuana,6,4
2025-08-17,d4c39360-7ba6-11f0-896f-06dc4cbfdf1e,Campestre de Tijuana,7,6
2025-08-17,d4c39360-7ba6-11f0-896f-06dc4cbfdf1e,Campestre de Tijuana,8,6
2025-08-17,d4c39360-7ba6-11f0-896f-06dc4cbfdf1e,Campestre de Tijuana,9,7
2025-08-17,d4c39360-7ba6-11f0-896f-06dc4cbfdf1e,Campestre de Tijuana,10,4
2025-08-17,d4c39360-7ba6-11f0-896f-06dc4cbfdf1e,Campestre de Tijuana,11,5
2025-08-17,d4c39360-7ba6-11f0-896f-06dc4cbfdf1e,Campestre de Tijuana,12,3
2025-08-17,d4c39360-7ba6-11f0-896f-06dc4cbfdf1e,Campestre de Tijuana,13,6
2025-08-17,d4c39360-7ba6-11f0-896f-06dc4cbfdf1e,Campestre de Tijuana,14,6
2025-08-17,d4c39360-7ba6-11f0-896f-06dc4cbfdf1e,Campestre de Tijuana,15,5
2025-08-17,d4c39360-7ba6-11f0-896f-06dc4cbfdf1e,Campestre de Tijuana,16,5
2025-08-17,d4c39360-7ba6-11f0-896f-06dc4cbfdf1e,Campestre de Tijuana,17,6
2025-08-17,d4c39360-7ba6-11f0-896f-06dc4cbfdf1e,Campestre de Tijuana,18,5
2025-08-19,1611fbc0-7d48-11f0-896f-06dc4cbfdf1e,Campestre de Tijuana,1,5
2025-08-19,1611fbc0-7d48-11f0-896f-06dc4cbfdf1e,Campestre de Tijuana,2,3
2025-08-19,1611fbc0-7d48-11f0-896f-06dc4cbfdf1e,Campestre de Tijuana,3,5
2025-08-19,1611fbc0-7d48-11f0-896f-06dc4cbfdf1e,Campestre de Tijuana,4,5
2025-08-19,1611fbc0-7d48-11f0-896f-06dc4cbfdf1e,Campestre de Tijuana,5,6
2025-08-19,1611fbc0-7d48-11f0-896f-06dc4cbfdf1e,Campestre de Tijuana,6,4
2025-08-19,1611fbc0-7d48-11f0-896f-06dc4cbfdf1e,Campestre de Tijuana,7,4
2025-08-19,1611fbc0-7d48-11f0-896f-06dc4cbfdf1e,Campestre de Tijuana,8,5
2025-08-19,1611fbc0-7d48-11f0-896f-06dc4cbfdf1e,Campestre de Tijuana,9,4
2025-08-19,1611fbc0-7d48-11f0-896f-06dc4cbfdf1e,Campestre de Tijuana,10,5
2025-08-19,1611fbc0-7d48-11f0-896f-06dc4cbfdf1e,Campestre de Tijuana,11,5
2025-08-19,1611fbc0-7d48-11f0-896f-06dc4cbfdf1e,Campestre de Tijuana,12,3
2025-08-19,1611fbc0-7d48-11f0-896f-06dc4cbfdf1e,Campestre de Tijuana,13,5
2025-08-19,1611fbc0-7d48-11f0-896f-06dc4cbfdf1e,Campestre de Tijuana,14,4
2025-08-19,1611fbc0-7d48-11f0-896f-06dc4cbfdf1e,Campestre de Tijuana,15,4
2025-08-19,1611fbc0-7d48-11f0-896f-06dc4cbfdf1e,Campestre de Tijuana,16,7
2025-08-19,1611fbc0-7d48-11f0-896f-06dc4cbfdf1e,Campestre de Tijuana,17,7
2025-08-19,1611fbc0-7d48-11f0-896f-06dc4cbfdf1e,Campestre de Tijuana,18,4
2025-08-20,11d74a21-7e0a-11f0-9519-06d15d9e7497,Campestre de Tijuana,1,5
2025-08-20,11d74a21-7e0a-11f0-9519-06d15d9e7497,Campestre de Tijuana,2,3
2025-08-20,11d74a21-7e0a-11f0-9519-06d15d9e7497,Campestre de Tijuana,3,6
2025-08-20,11d74a21-7e0a-11f0-9519-06d15d9e7497,Campestre de Tijuana,4,4
2025-08-20,11d74a21-7e0a-11f0-9519-06d15d9e7497,Campestre de Tijuana,5,6
2025-08-20,11d74a21-7e0a-11f0-9519-06d15d9e7497,Campestre de Tijuana,6,5
2025-08-20,11d74a21-7e0a-11f0-9519-06d15d9e7497,Campestre de Tijuana,7,4
2025-08-20,11d74a21-7e0a-11f0-9519-06d15d9e7497,Campestre de Tijuana,8,4
2025-08-20,11d74a21-7e0a-11f0-9519-06d15d9e7497,Campestre de Tijuana,9,7
2025-08-20,11d74a21-7e0a-11f0-9519-06d15d9e7497,Campestre de Tijuana,10,6
2025-08-20,11d74a21-7e0a-11f0-9519-06d15d9e7497,Campestre de Tijuana,11,6
2025-08-20,11d74a21-7e0a-11f0-9519-06d15d9e7497,Campestre de Tijuana,12,3
2025-08-20,11d74a21-7e0a-11f0-9519-06d15d9e7497,Campestre de Tijuana,13,6
2025-08-20,11d74a21-7e0a-11f0-9519-06d15d9e7497,Campestre de Tijuana,14,6
2025-08-20,11d74a21-7e0a-11f0-9519-06d15d9e7497,Campestre de Tijuana,15,6
2025-08-20,11d74a21-7e0a-11f0-9519-06d15d9e7497,Campestre de Tijuana,16,8
2025-08-20,11d74a21-7e0a-11f0-9519-06d15d9e7497,Campestre de Tijuana,17,6
2025-08-20,11d74a21-7e0a-11f0-9519-06d15d9e7497,Campestre de Tijuana,18,4
2025-08-22,472f7e20-7f88-11f0-ac33-021d58ec5439,Enagic at Eastlake,1,5
2025-08-22,472f7e20-7f88-11f0-ac33-021d58ec5439,Enagic at Eastlake,2,5
2025-08-22,472f7e20-7f88-11f0-ac33-021d58ec5439,Enagic at Eastlake,3,4
2025-08-22,472f7e20-7f88-11f0-ac33-021d58ec5439,Enagic at Eastlake,4,4
2025-08-22,472f7e20-7f88-11f0-ac33-021d58ec5439,Enagic at Eastlake,5,7
2025-08-22,472f7e20-7f88-11f0-ac33-021d58ec5439,Enagic at Eastlake,6,5
2025-08-22,472f7e20-7f88-11f0-ac33-021d58ec5439,Enagic at Eastlake,7,3
2025-08-22,472f7e20-7f88-11f0-ac33-021d58ec5439,Enagic at Eastlake,8,5
2025-08-22,472f7e20-7f88-11f0-ac33-021d58ec5439,Enagic at Eastlake,9,6
2025-08-22,472f7e20-7f88-11f0-ac33-021d58ec5439,Enagic at Eastlake,10,4
2025-08-22,472f7e20-7f88-11f0-ac33-021d58ec5439,Enagic at Eastlake,11,4
2025-08-22,472f7e20-7f88-11f0-ac33-021d58ec5439,Enagic at Eastlake,12,4
2025-08-22,472f7e20-7f88-11f0-ac33-021d58ec5439,Enagic at Eastlake,13,5
2025-08-22,472f7e20-7f88-11f0-ac33-021d58ec5439,Enagic at Eastlake,14,7
2025-08-22,472f7e20-7f88-11f0-ac33-021d58ec5439,Enagic at Eastlake,15,4
2025-08-22,472f7e20-7f88-11f0-ac33-021d58ec5439,Enagic at Eastlake,16,6
2025-08-22,472f7e20-7f88-11f0-ac33-021d58ec5439,Enagic at Eastlake,17,4
2025-08-22,472f7e20-7f88-11f0-ac33-021d58ec5439,Enagic at Eastlake,18,6
2025-08-22,ff41ebc0-7faf-11f0-ac33-021d58ec5439,Enagic at Eastlake,1,5
2025-08-22,ff41ebc0-7faf-11f0-ac33-021d58ec5439,Enagic at Eastlake,2,4
2025-08-22,ff41ebc0-7faf-11f0-ac33-021d58ec5439,Enagic at Eastlake,3,5
2025-08-22,ff41ebc0-7faf-11f0-ac33-021d58ec5439,Enagic at Eastlake,4,4
2025-08-22,ff41ebc0-7faf-11f0-ac33-021d58ec5439,Enagic at Eastlake,5,6
2025-08-22,ff41ebc0-7faf-11f0-ac33-021d58ec5439,Enagic at Eastlake,6,5
2025-08-22,ff41ebc0-7faf-11f0-ac33-021d58ec5439,Enagic at Eastlake,7,4
2025-08-22,ff41ebc0-7faf-11f0-ac33-021d58ec5439,Enagic at Eastlake,8,5
2025-08-22,ff41ebc0-7faf-11f0-ac33-021d58ec5439,Enagic at Eastlake,9,6
2025-08-22,ff41ebc0-7faf-11f0-ac33-021d58ec5439,Enagic at Eastlake,10,4
2025-08-22,ff41ebc0-7faf-11f0-ac33-021d58ec5439,Enagic at Eastlake,11,5
2025-08-22,ff41ebc0-7faf-11f0-ac33-021d58ec5439,Enagic at Eastlake,12,4
2025-08-22,ff41ebc0-7faf-11f0-ac33-021d58ec5439,Enagic at Eastlake,13,4
2025-08-22,ff41ebc0-7faf-11f0-ac33-021d58ec5439,Enagic at Eastlake,14,6
2025-08-22,ff41ebc0-7faf-11f0-ac33-021d58ec5439,Enagic at Eastlake,15,7
2025-08-22,ff41ebc0-7faf-11f0-ac33-021d58ec5439,Enagic at Eastlake,16,4
2025-08-22,ff41ebc0-7faf-11f0-ac33-021d58ec5439,Enagic at Eastlake,17,4
2025-08-22,ff41ebc0-7faf-11f0-ac33-021d58ec5439,Enagic at Eastlake,18,6
2025-08-25,c9e87930-81a8-11f0-ad17-02627b678af7,Shipyard Golf Club,1,5
2025-08-25,c9e87930-81a8-11f0-ad17-02627b678af7,Shipyard Golf Club,2,6
2025-08-25,c9e87930-81a8-11f0-ad17-02627b678af7,Shipyard Golf Club,3,6
2025-08-25,c9e87930-81a8-11f0-ad17-02627b678af7,Shipyard Golf Club,4,5
2025-08-25,c9e87930-81a8-11f0-ad17-02627b678af7,Shipyard Golf Club,5,4
2025-08-25,c9e87930-81a8-11f0-ad17-02627b678af7,Shipyard Golf Club,6,7
2025-08-25,c9e87930-81a8-11f0-ad17-02627b678af7,Shipyard Golf Club,7,5
2025-08-25,c9e87930-81a8-11f0-ad17-02627b678af7,Shipyard Golf Club,8,3
2025-08-25,c9e87930-81a8-11f0-ad17-02627b678af7,Shipyard Golf Club,9,4
2025-08-25,c9e87930-81a8-11f0-ad17-02627b678af7,Shipyard Golf Club,10,4
2025-08-25,c9e87930-81a8-11f0-ad17-02627b678af7,Shipyard Golf Club,11,6
2025-08-25,c9e87930-81a8-11f0-ad17-02627b678af7,Shipyard Golf Club,12,5
2025-08-25,c9e87930-81a8-11f0-ad17-02627b678af7,Shipyard Golf Club,13,3
2025-08-25,c9e87930-81a8-11f0-ad17-02627b678af7,Shipyard Golf Club,14,5
2025-08-25,c9e87930-81a8-11f0-ad17-02627b678af7,Shipyard Golf Club,15,4
2025-08-25,c9e87930-81a8-11f0-ad17-02627b678af7,Shipyard Golf Club,16,5
2025-08-25,c9e87930-81a8-11f0-ad17-02627b678af7,Shipyard Golf Club,17,5
2025-08-25,c9e87930-81a8-11f0-ad17-02627b678af7,Shipyard Golf Club,18,5
2025-08-27,257654f0-8336-11f0-ac33-021d58ec5439,Palmetto Dunes,1,5
2025-08-27,257654f0-8336-11f0-ac33-021d58ec5439,Palmetto Dunes,2,6
2025-08-27,257654f0-8336-11f0-ac33-021d58ec5439,Palmetto Dunes,3,3
2025-08-27,257654f0-8336-11f0-ac33-021d58ec5439,Palmetto Dunes,4,5
2025-08-27,257654f0-8336-11f0-ac33-021d58ec5439,Palmetto Dunes,5,6
2025-08-27,257654f0-8336-11f0-ac33-021d58ec5439,Palmetto Dunes,6,6
2025-08-27,257654f0-8336-11f0-ac33-021d58ec5439,Palmetto Dunes,7,5
2025-08-27,257654f0-8336-11f0-ac33-021d58ec5439,Palmetto Dunes,8,4
2025-08-27,257654f0-8336-11f0-ac33-021d58ec5439,Palmetto Dunes,9,5
2025-08-27,257654f0-8336-11f0-ac33-021d58ec5439,Palmetto Dunes,10,6
2025-08-27,257654f0-8336-11f0-ac33-021d58ec5439,Palmetto Dunes,11,5
2025-08-27,257654f0-8336-11f0-ac33-021d58ec5439,Palmetto Dunes,12,6
2025-08-27,257654f0-8336-11f0-ac33-021d58ec5439,Palmetto Dunes,13,6
2025-08-27,257654f0-8336-11f0-ac33-021d58ec5439,Palmetto Dunes,14,6
2025-08-27,257654f0-8336-11f0-ac33-021d58ec5439,Palmetto Dunes,15,4
2025-08-27,257654f0-8336-11f0-ac33-021d58ec5439,Palmetto Dunes,16,7
2025-08-27,257654f0-8336-11f0-ac33-021d58ec5439,Palmetto Dunes,17,8
2025-08-27,257654f0-8336-11f0-ac33-021d58ec5439,Palmetto Dunes,18,5
2025-09-01,2332a031-874c-11f0-9fb2-029b90f35a4e,Miami Beach Golf Club,1,8
2025-09-01,2332a031-874c-11f0-9fb2-029b90f35a4e,Miami Beach Golf Club,2,6
2025-09-01,2332a031-874c-11f0-9fb2-029b90f35a4e,Miami Beach Golf Club,3,4
2025-09-01,2332a031-874c-11f0-9fb2-029b90f35a4e,Miami Beach Golf Club,4,6
2025-09-01,2332a031-874c-11f0-9fb2-029b90f35a4e,Miami Beach Golf Club,5,6
2025-09-01,2332a031-874c-11f0-9fb2-029b90f35a4e,Miami Beach Golf Club,6,3
2025-09-01,2332a031-874c-11f0-9fb2-029b90f35a4e,Miami Beach Golf Club,7,4
2025-09-01,2332a031-874c-11f0-9fb2-029b90f35a4e,Miami Beach Golf Club,8,5
2025-09-01,2332a031-874c-11f0-9fb2-029b90f35a4e,Miami Beach Golf Club,9,4
2025-09-01,2332a031-874c-11f0-9fb2-029b90f35a4e,Miami Beach Golf Club,10,5
2025-09-01,2332a031-874c-11f0-9fb2-029b90f35a4e,Miami Beach Golf Club,11,6
2025-09-01,2332a031-874c-11f0-9fb2-029b90f35a4e,Miami Beach Golf Club,12,7
2025-09-01,2332a031-874c-11f0-9fb2-029b90f35a4e,Miami Beach Golf Club,13,5
2025-09-01,2332a031-874c-11f0-9fb2-029b90f35a4e,Miami Beach Golf Club,14,3
2025-09-01,2332a031-874c-11f0-9fb2-029b90f35a4e,Miami Beach Golf Club,15,8
2025-09-01,2332a031-874c-11f0-9fb2-029b90f35a4e,Miami Beach Golf Club,16,4
2025-09-01,2332a031-874c-11f0-9fb2-029b90f35a4e,Miami Beach Golf Club,17,5
2025-09-01,2332a031-874c-11f0-9fb2-029b90f35a4e,Miami Beach Golf Club,18,6
2025-09-16,a1a4a3c0-9325-11f0-80bb-0a37364634b7,Enagic at Eastlake,1,4
2025-09-16,a1a4a3c0-9325-11f0-80bb-0a37364634b7,Enagic at Eastlake,2,6
2025-09-16,a1a4a3c0-9325-11f0-80bb-0a37364634b7,Enagic at Eastlake,3,5
2025-09-16,a1a4a3c0-9325-11f0-80bb-0a37364634b7,Enagic at Eastlake,4,3
2025-09-16,a1a4a3c0-9325-11f0-80bb-0a37364634b7,Enagic at Eastlake,5,8
2025-09-16,a1a4a3c0-9325-11f0-80bb-0a37364634b7,Enagic at Eastlake,6,6
2025-09-16,a1a4a3c0-9325-11f0-80bb-0a37364634b7,Enagic at Eastlake,7,5
2025-09-16,a1a4a3c0-9325-11f0-80bb-0a37364634b7,Enagic at Eastlake,8,4
2025-09-16,a1a4a3c0-9325-11f0-80bb-0a37364634b7,Enagic at Eastlake,9,5
2025-09-16,a1a4a3c0-9325-11f0-80bb-0a37364634b7,Enagic at Eastlake,10,5
2025-09-16,a1a4a3c0-9325-11f0-80bb-0a37364634b7,Enagic at Eastlake,11,4
2025-09-16,a1a4a3c0-9325-11f0-80bb-0a37364634b7,Enagic at Eastlake,12,3
2025-09-16,a1a4a3c0-9325-11f0-80bb-0a37364634b7,Enagic at Eastlake,13,4
2025-09-16,a1a4a3c0-9325-11f0-80bb-0a37364634b7,Enagic at Eastlake,14,6
2025-09-16,a1a4a3c0-9325-11f0-80bb-0a37364634b7,Enagic at Eastlake,15,6
2025-09-16,a1a4a3c0-9325-11f0-80bb-0a37364634b7,Enagic at Eastlake,16,4
2025-09-16,a1a4a3c0-9325-11f0-80bb-0a37364634b7,Enagic at Eastlake,17,4
2025-09-16,a1a4a3c0-9325-11f0-80bb-0a37364634b7,Enagic at Eastlake,18,5
2025-09-17,2c2097d0-940b-11f0-90ca-06508d097ff9,Enagic at Eastlake,1,5
2025-09-17,2c2097d0-940b-11f0-90ca-06508d097ff9,Enagic at Eastlake,2,5
2025-09-17,2c2097d0-940b-11f0-90ca-06508d097ff9,Enagic at Eastlake,3,4
2025-09-17,2c2097d0-940b-11f0-90ca-06508d097ff9,Enagic at Eastlake,4,4
2025-09-17,2c2097d0-940b-11f0-90ca-06508d097ff9,Enagic at Eastlake,5,6
2025-09-17,2c2097d0-940b-11f0-90ca-06508d097ff9,Enagic at Eastlake,6,6
2025-09-17,2c2097d0-940b-11f0-90ca-06508d097ff9,Enagic at Eastlake,7,4
2025-09-17,2c2097d0-940b-11f0-90ca-06508d097ff9,Enagic at Eastlake,8,5
2025-09-17,2c2097d0-940b-11f0-90ca-06508d097ff9,Enagic at Eastlake,9,6
2025-09-17,2c2097d0-940b-11f0-90ca-06508d097ff9,Enagic at Eastlake,10,4
2025-09-17,2c2097d0-940b-11f0-90ca-06508d097ff9,Enagic at Eastlake,11,5
2025-09-17,2c2097d0-940b-11f0-90ca-06508d097ff9,Enagic at Eastlake,12,3
2025-09-17,2c2097d0-940b-11f0-90ca-06508d097ff9,Enagic at Eastlake,13,6
2025-09-17,2c2097d0-940b-11f0-90ca-06508d097ff9,Enagic at Eastlake,14,7
2025-09-17,2c2097d0-940b-11f0-90ca-06508d097ff9,Enagic at Eastlake,15,5
2025-09-17,2c2097d0-940b-11f0-90ca-06508d097ff9,Enagic at Eastlake,16,5
2025-09-17,2c2097d0-940b-11f0-90ca-06508d097ff9,Enagic at Eastlake,17,5
2025-09-17,2c2097d0-940b-11f0-90ca-06508d097ff9,Enagic at Eastlake,18,4
2025-09-19,385dd941-958c-11f0-8c42-0a202d83cc26,Campestre de Tijuana,1,5
2025-09-19,385dd941-958c-11f0-8c42-0a202d83cc26,Campestre de Tijuana,2,5
2025-09-19,385dd941-958c-11f0-8c42-0a202d83cc26,Campestre de Tijuana,3,5
2025-09-19,385dd941-958c-11f0-8c42-0a202d83cc26,Campestre de Tijuana,4,4
2025-09-19,385dd941-958c-11f0-8c42-0a202d83cc26,Campestre de Tijuana,5,5
2025-09-19,385dd941-958c-11f0-8c42-0a202d83cc26,Campestre de Tijuana,6,3
2025-09-19,385dd941-958c-11f0-8c42-0a202d83cc26,Campestre de Tijuana,7,5
2025-09-19,385dd941-958c-11f0-8c42-0a202d83cc26,Campestre de Tijuana,8,5
2025-09-19,385dd941-958c-11f0-8c42-0a202d83cc26,Campestre de Tijuana,9,6
2025-09-19,385dd941-958c-11f0-8c42-0a202d83cc26,Campestre de Tijuana,10,6
2025-09-19,385dd941-958c-11f0-8c42-0a202d83cc26,Campestre de Tijuana,11,5
2025-09-19,385dd941-958c-11f0-8c42-0a202d83cc26,Campestre de Tijuana,12,4
2025-09-19,385dd941-958c-11f0-8c42-0a202d83cc26,Campestre de Tijuana,13,6
2025-09-19,385dd941-958c-11f0-8c42-0a202d83cc26,Campestre de Tijuana,14,5
2025-09-19,385dd941-958c-11f0-8c42-0a202d83cc26,Campestre de Tijuana,15,6
2025-09-19,385dd941-958c-11f0-8c42-0a202d83cc26,Campestre de Tijuana,16,6
2025-09-19,385dd941-958c-11f0-8c42-0a202d83cc26,Campestre de Tijuana,17,5
2025-09-19,385dd941-958c-11f0-8c42-0a202d83cc26,Campestre de Tijuana,18,5
2025-09-20,b9581c90-9668-11f0-8130-029b90f35a4e,Campestre de Tijuana,1,5
2025-09-20,b9581c90-9668-11f0-8130-029b90f35a4e,Campestre de Tijuana,2,4
2025-09-20,b9581c90-9668-11f0-8130-029b90f35a4e,Campestre de Tijuana,3,4
2025-09-20,b9581c90-9668-11f0-8130-029b90f35a4e,Campestre de Tijuana,4,5
2025-09-20,b9581c90-9668-11f0-8130-029b90f35a4e,Campestre de Tijuana,5,4
2025-09-20,b9581c90-9668-11f0-8130-029b90f35a4e,Campestre de Tijuana,6,4
2025-09-20,b9581c90-9668-11f0-8130-029b90f35a4e,Campestre de Tijuana,7,4
2025-09-20,b9581c90-9668-11f0-8130-029b90f35a4e,Campestre de Tijuana,8,4
2025-09-20,b9581c90-9668-11f0-8130-029b90f35a4e,Campestre de Tijuana,9,7
2025-09-20,b9581c90-9668-11f0-8130-029b90f35a4e,Campestre de Tijuana,10,5
2025-09-20,b9581c90-9668-11f0-8130-029b90f35a4e,Campestre de Tijuana,11,5
2025-09-20,b9581c90-9668-11f0-8130-029b90f35a4e,Campestre de Tijuana,12,5
2025-09-20,b9581c90-9668-11f0-8130-029b90f35a4e,Campestre de Tijuana,13,6
2025-09-20,b9581c90-9668-11f0-8130-029b90f35a4e,Campestre de Tijuana,14,5
2025-09-20,b9581c90-9668-11f0-8130-029b90f35a4e,Campestre de Tijuana,15,5
2025-09-20,b9581c90-9668-11f0-8130-029b90f35a4e,Campestre de Tijuana,16,6
2025-09-20,b9581c90-9668-11f0-8130-029b90f35a4e,Campestre de Tijuana,17,6
2025-09-20,b9581c90-9668-11f0-8130-029b90f35a4e,Campestre de Tijuana,18,2
2025-09-21,653baaa1-9712-11f0-8c42-0a202d83cc26,Campestre de Tijuana,1,5
2025-09-21,653baaa1-9712-11f0-8c42-0a202d83cc26,Campestre de Tijuana,2,4
2025-09-21,653baaa1-9712-11f0-8c42-0a202d83cc26,Campestre de Tijuana,3,4
2025-09-21,653baaa1-9712-11f0-8c42-0a202d83cc26,Campestre de Tijuana,4,5
2025-09-21,653baaa1-9712-11f0-8c42-0a202d83cc26,Campestre de Tijuana,5,5
2025-09-21,653baaa1-9712-11f0-8c42-0a202d83cc26,Campestre de Tijuana,6,5
2025-09-21,653baaa1-9712-11f0-8c42-0a202d83cc26,Campestre de Tijuana,7,7
2025-09-21,653baaa1-9712-11f0-8c42-0a202d83cc26,Campestre de Tijuana,8,5
2025-09-21,653baaa1-9712-11f0-8c42-0a202d83cc26,Campestre de Tijuana,9,7
2025-09-21,653baaa1-9712-11f0-8c42-0a202d83cc26,Campestre de Tijuana,10,5
2025-09-21,653baaa1-9712-11f0-8c42-0a202d83cc26,Campestre de Tijuana,11,5
2025-09-21,653baaa1-9712-11f0-8c42-0a202d83cc26,Campestre de Tijuana,12,4
2025-09-21,653baaa1-9712-11f0-8c42-0a202d83cc26,Campestre de Tijuana,13,7
2025-09-21,653baaa1-9712-11f0-8c42-0a202d83cc26,Campestre de Tijuana,14,7
2025-09-21,653baaa1-9712-11f0-8c42-0a202d83cc26,Campestre de Tijuana,15,6
2025-09-21,653baaa1-9712-11f0-8c42-0a202d83cc26,Campestre de Tijuana,16,6
2025-09-21,653baaa1-9712-11f0-8c42-0a202d83cc26,Campestre de Tijuana,17,6
2025-09-21,653baaa1-9712-11f0-8c42-0a202d83cc26,Campestre de Tijuana,18,4
2025-09-22,05582900-97f9-11f0-81fe-06dc4cbfdf1e,Campestre de Tijuana,1,5
2025-09-22,05582900-97f9-11f0-81fe-06dc4cbfdf1e,Campestre de Tijuana,2,4
2025-09-22,05582900-97f9-11f0-81fe-06dc4cbfdf1e,Campestre de Tijuana,3,4
2025-09-22,05582900-97f9-11f0-81fe-06dc4cbfdf1e,Campestre de Tijuana,4,4
2025-09-22,05582900-97f9-11f0-81fe-06dc4cbfdf1e,Campestre de Tijuana,5,5
2025-09-22,05582900-97f9-11f0-81fe-06dc4cbfdf1e,Campestre de Tijuana,6,2
2025-09-22,05582900-97f9-11f0-81fe-06dc4cbfdf1e,Campestre de Tijuana,7,3
2025-09-22,05582900-97f9-11f0-81fe-06dc4cbfdf1e,Campestre de Tijuana,8,4
2025-09-22,05582900-97f9-11f0-81fe-06dc4cbfdf1e,Campestre de Tijuana,9,9
2025-09-22,05582900-97f9-11f0-81fe-06dc4cbfdf1e,Campestre de Tijuana,10,6
2025-09-22,05582900-97f9-11f0-81fe-06dc4cbfdf1e,Campestre de Tijuana,11,5
2025-09-22,05582900-97f9-11f0-81fe-06dc4cbfdf1e,Campestre de Tijuana,12,3
2025-09-22,05582900-97f9-11f0-81fe-06dc4cbfdf1e,Campestre de Tijuana,13,5
2025-09-22,05582900-97f9-11f0-81fe-06dc4cbfdf1e,Campestre de Tijuana,14,6
2025-09-22,05582900-97f9-11f0-81fe-06dc4cbfdf1e,Campestre de Tijuana,15,7
2025-09-22,05582900-97f9-11f0-81fe-06dc4cbfdf1e,Campestre de Tijuana,16,5
2025-09-22,05582900-97f9-11f0-81fe-06dc4cbfdf1e,Campestre de Tijuana,17,6
2025-09-22,05582900-97f9-11f0-81fe-06dc4cbfdf1e,Campestre de Tijuana,18,4
2025-09-24,64c81560-9990-11f0-8596-0a37364634b7,Enagic at Eastlake,1,5
2025-09-24,64c81560-9990-11f0-8596-0a37364634b7,Enagic at Eastlake,2,4
2025-09-24,64c81560-9990-11f0-8596-0a37364634b7,Enagic at Eastlake,3,5
2025-09-24,64c81560-9990-11f0-8596-0a37364634b7,Enagic at Eastlake,4,3
2025-09-24,64c81560-9990-11f0-8596-0a37364634b7,Enagic at Eastlake,5,5
2025-09-24,64c81560-9990-11f0-8596-0a37364634b7,Enagic at Eastlake,6,5
2025-09-24,64c81560-9990-11f0-8596-0a37364634b7,Enagic at Eastlake,7,3
2025-09-24,64c81560-9990-11f0-8596-0a37364634b7,Enagic at Eastlake,8,5
2025-09-24,64c81560-9990-11f0-8596-0a37364634b7,Enagic at Eastlake,9,6
2025-09-24,64c81560-9990-11f0-8596-0a37364634b7,Enagic at Eastlake,10,6
2025-09-24,64c81560-9990-11f0-8596-0a37364634b7,Enagic at Eastlake,11,5
2025-09-24,64c81560-9990-11f0-8596-0a37364634b7,Enagic at Eastlake,12,4
2025-09-24,64c81560-9990-11f0-8596-0a37364634b7,Enagic at Eastlake,13,5
2025-09-24,64c81560-9990-11f0-8596-0a37364634b7,Enagic at Eastlake,14,6
2025-09-24,64c81560-9990-11f0-8596-0a37364634b7,Enagic at Eastlake,15,4
2025-09-24,64c81560-9990-11f0-8596-0a37364634b7,Enagic at Eastlake,16,5
2025-09-24,64c81560-9990-11f0-8596-0a37364634b7,Enagic at Eastlake,17,3
2025-09-24,64c81560-9990-11f0-8596-0a37364634b7,Enagic at Eastlake,18,5
2025-10-03,df3e75c0-a091-11f0-8955-0a202d83cc26,Enagic at Eastlake,1,6
2025-10-03,df3e75c0-a091-11f0-8955-0a202d83cc26,Enagic at Eastlake,2,5
2025-10-03,df3e75c0-a091-11f0-8955-0a202d83cc26,Enagic at Eastlake,3,4
2025-10-03,df3e75c0-a091-11f0-8955-0a202d83cc26,Enagic at Eastlake,4,4
2025-10-03,df3e75c0-a091-11f0-8955-0a202d83cc26,Enagic at Eastlake,5,7
2025-10-03,df3e75c0-a091-11f0-8955-0a202d83cc26,Enagic at Eastlake,6,5
2025-10-03,df3e75c0-a091-11f0-8955-0a202d83cc26,Enagic at Eastlake,7,4
2025-10-03,df3e75c0-a091-11f0-8955-0a202d83cc26,Enagic at Eastlake,8,4
2025-10-03,df3e75c0-a091-11f0-8955-0a202d83cc26,Enagic at Eastlake,9,7
2025-10-03,df3e75c0-a091-11f0-8955-0a202d83cc26,Enagic at Eastlake,10,5
2025-10-03,df3e75c0-a091-11f0-8955-0a202d83cc26,Enagic at Eastlake,11,4
2025-10-03,df3e75c0-a091-11f0-8955-0a202d83cc26,Enagic at Eastlake,12,3
2025-10-03,df3e75c0-a091-11f0-8955-0a202d83cc26,Enagic at Eastlake,13,5
2025-10-03,df3e75c0-a091-11f0-8955-0a202d83cc26,Enagic at Eastlake,14,5
2025-10-03,df3e75c0-a091-11f0-8955-0a202d83cc26,Enagic at Eastlake,15,5
2025-10-03,df3e75c0-a091-11f0-8955-0a202d83cc26,Enagic at Eastlake,16,7
2025-10-03,df3e75c0-a091-11f0-8955-0a202d83cc26,Enagic at Eastlake,17,4
2025-10-03,df3e75c0-a091-11f0-8955-0a202d83cc26,Enagic at Eastlake,18,6
2025-10-04,a39aaa00-a160-11f0-8955-0a202d83cc26,Enagic at Eastlake,1,5
2025-10-04,a39aaa00-a160-11f0-8955-0a202d83cc26,Enagic at Eastlake,2,5
2025-10-04,a39aaa00-a160-11f0-8955-0a202d83cc26,Enagic at Eastlake,3,5
2025-10-04,a39aaa00-a160-11f0-8955-0a202d83cc26,Enagic at Eastlake,4,4
2025-10-04,a39aaa00-a160-11f0-8955-0a202d83cc26,Enagic at Eastlake,5,7
2025-10-04,a39aaa00-a160-11f0-8955-0a202d83cc26,Enagic at Eastlake,6,5
2025-10-04,a39aaa00-a160-11f0-8955-0a202d83cc26,Enagic at Eastlake,7,4
2025-10-04,a39aaa00-a160-11f0-8955-0a202d83cc26,Enagic at Eastlake,8,5
2025-10-04,a39aaa00-a160-11f0-8955-0a202d83cc26,Enagic at Eastlake,9,9
2025-10-04,a39aaa00-a160-11f0-8955-0a202d83cc26,Enagic at Eastlake,10,6
2025-10-04,a39aaa00-a160-11f0-8955-0a202d83cc26,Enagic at Eastlake,11,5
2025-10-04,a39aaa00-a160-11f0-8955-0a202d83cc26,Enagic at Eastlake,12,5
2025-10-04,a39aaa00-a160-11f0-8955-0a202d83cc26,Enagic at Eastlake,13,5
2025-10-04,a39aaa00-a160-11f0-8955-0a202d83cc26,Enagic at Eastlake,14,6
2025-10-04,a39aaa00-a160-11f0-8955-0a202d83cc26,Enagic at Eastlake,15,5
2025-10-04,a39aaa00-a160-11f0-8955-0a202d83cc26,Enagic at Eastlake,16,6
2025-10-04,a39aaa00-a160-11f0-8955-0a202d83cc26,Enagic at Eastlake,17,3
2025-10-04,a39aaa00-a160-11f0-8955-0a202d83cc26,Enagic at Eastlake,18,5
2025-10-05,626817c0-a214-11f0-babe-06dc4cbfdf1e,Campestre de Tijuana,1,7
2025-10-05,626817c0-a214-11f0-babe-06dc4cbfdf1e,Campestre de Tijuana,2,3
2025-10-05,626817c0-a214-11f0-babe-06dc4cbfdf1e,Campestre de Tijuana,3,6
2025-10-05,626817c0-a214-11f0-babe-06dc4cbfdf1e,Campestre de Tijuana,4,6
2025-10-05,626817c0-a214-11f0-babe-06dc4cbfdf1e,Campestre de Tijuana,5,4
2025-10-05,626817c0-a214-11f0-babe-06dc4cbfdf1e,Campestre de Tijuana,6,4
2025-10-05,626817c0-a214-11f0-babe-06dc4cbfdf1e,Campestre de Tijuana,7,5
2025-10-05,626817c0-a214-11f0-babe-06dc4cbfdf1e,Campestre de Tijuana,8,5
2025-10-05,626817c0-a214-11f0-babe-06dc4cbfdf1e,Campestre de Tijuana,9,6
2025-10-05,626817c0-a214-11f0-babe-06dc4cbfdf1e,Campestre de Tijuana,10,4
2025-10-05,626817c0-a214-11f0-babe-06dc4cbfdf1e,Campestre de Tijuana,11,6
2025-10-05,626817c0-a214-11f0-babe-06dc4cbfdf1e,Campestre de Tijuana,12,4
2025-10-05,626817c0-a214-11f0-babe-06dc4cbfdf1e,Campestre de Tijuana,13,7
2025-10-05,626817c0-a214-11f0-babe-06dc4cbfdf1e,Campestre de Tijuana,14,5
2025-10-05,626817c0-a214-11f0-babe-06dc4cbfdf1e,Campestre de Tijuana,15,4
2025-10-05,626817c0-a214-11f0-babe-06dc4cbfdf1e,Campestre de Tijuana,16,6
2025-10-05,626817c0-a214-11f0-babe-06dc4cbfdf1e,Campestre de Tijuana,17,6
2025-10-05,626817c0-a214-11f0-babe-06dc4cbfdf1e,Campestre de Tijuana,18,4
2025-10-11,af39c9d0-a6ca-11f0-a232-06508d097ff9,Normandy Shores Golf Course,1,4
2025-10-11,af39c9d0-a6ca-11f0-a232-06508d097ff9,Normandy Shores Golf Course,2,5
2025-10-11,af39c9d0-a6ca-11f0-a232-06508d097ff9,Normandy Shores Golf Course,3,7
2025-10-11,af39c9d0-a6ca-11f0-a232-06508d097ff9,Normandy Shores Golf Course,4,5
2025-10-11,af39c9d0-a6ca-11f0-a232-06508d097ff9,Normandy Shores Golf Course,5,4
2025-10-11,af39c9d0-a6ca-11f0-a232-06508d097ff9,Normandy Shores Golf Course,6,5
2025-10-11,af39c9d0-a6ca-11f0-a232-06508d097ff9,Normandy Shores Golf Course,7,4
2025-10-11,af39c9d0-a6ca-11f0-a232-06508d097ff9,Normandy Shores Golf Course,8,4
2025-10-11,af39c9d0-a6ca-11f0-a232-06508d097ff9,Normandy Shores Golf Course,9,5
2025-10-11,af39c9d0-a6ca-11f0-a232-06508d097ff9,Normandy Shores Golf Course,10,5
2025-10-11,af39c9d0-a6ca-11f0-a232-06508d097ff9,Normandy Shores Golf Course,11,6
2025-10-11,af39c9d0-a6ca-11f0-a232-06508d097ff9,Normandy Shores Golf Course,12,7
2025-10-11,af39c9d0-a6ca-11f0-a232-06508d097ff9,Normandy Shores Golf Course,13,5
2025-10-11,af39c9d0-a6ca-11f0-a232-06508d097ff9,Normandy Shores Golf Course,14,4
2025-10-11,af39c9d0-a6ca-11f0-a232-06508d097ff9,Normandy Shores Golf Course,15,7
2025-10-11,af39c9d0-a6ca-11f0-a232-06508d097ff9,Normandy Shores Golf Course,16,5
2025-10-11,af39c9d0-a6ca-11f0-a232-06508d097ff9,Normandy Shores Golf Course,17,5
2025-10-11,af39c9d0-a6ca-11f0-a232-06508d097ff9,Normandy Shores Golf Course,18,8
2025-10-18,056d2f00-ac2e-11f0-8bc8-06508d097ff9,The Club at Emerald Hills,1,6
2025-10-18,056d2f00-ac2e-11f0-8bc8-06508d097ff9,The Club at Emerald Hills,2,5
2025-10-18,056d2f00-ac2e-11f0-8bc8-06508d097ff9,The Club at Emerald Hills,3,4
2025-10-18,056d2f00-ac2e-11f0-8bc8-06508d097ff9,The Club at Emerald Hills,4,4
2025-10-18,056d2f00-ac2e-11f0-8bc8-06508d097ff9,The Club at Emerald Hills,5,5
2025-10-18,056d2f00-ac2e-11f0-8bc8-06508d097ff9,The Club at Emerald Hills,6,6
2025-10-18,056d2f00-ac2e-11f0-8bc8-06508d097ff9,The Club at Emerald Hills,7,5
2025-10-18,056d2f00-ac2e-11f0-8bc8-06508d097ff9,The Club at Emerald Hills,8,9
2025-10-18,056d2f00-ac2e-11f0-8bc8-06508d097ff9,The Club at Emerald Hills,9,4
2025-10-18,056d2f00-ac2e-11f0-8bc8-06508d097ff9,The Club at Emerald Hills,10,5
2025-10-18,056d2f00-ac2e-11f0-8bc8-06508d097ff9,The Club at Emerald Hills,11,6
2025-10-18,056d2f00-ac2e-11f0-8bc8-06508d097ff9,The Club at Emerald Hills,12,6
2025-10-18,056d2f00-ac2e-11f0-8bc8-06508d097ff9,The Club at Emerald Hills,13,7
2025-10-18,056d2f00-ac2e-11f0-8bc8-06508d097ff9,The Club at Emerald Hills,14,4
2025-10-18,056d2f00-ac2e-11f0-8bc8-06508d097ff9,The Club at Emerald Hills,15,6
2025-10-18,056d2f00-ac2e-11f0-8bc8-06508d097ff9,The Club at Emerald Hills,16,6
2025-10-18,056d2f00-ac2e-11f0-8bc8-06508d097ff9,The Club at Emerald Hills,17,4
2025-10-18,056d2f00-ac2e-11f0-8bc8-06508d097ff9,The Club at Emerald Hills,18,10
2025-10-25,d655c550-b1ce-11f0-ae21-06dc4cbfdf1e,Miami Beach Golf Club,1,8
2025-10-25,d655c550-b1ce-11f0-ae21-06dc4cbfdf1e,Miami Beach Golf Club,2,7
2025-10-25,d655c550-b1ce-11f0-ae21-06dc4cbfdf1e,Miami Beach Golf Club,3,4
2025-10-25,d655c550-b1ce-11f0-ae21-06dc4cbfdf1e,Miami Beach Golf Club,4,6
2025-10-25,d655c550-b1ce-11f0-ae21-06dc4cbfdf1e,Miami Beach Golf Club,5,6
2025-10-25,d655c550-b1ce-11f0-ae21-06dc4cbfdf1e,Miami Beach Golf Club,6,3
2025-10-25,d655c550-b1ce-11f0-ae21-06dc4cbfdf1e,Miami Beach Golf Club,7,5
2025-10-25,d655c550-b1ce-11f0-ae21-06dc4cbfdf1e,Miami Beach Golf Club,8,6
2025-10-25,d655c550-b1ce-11f0-ae21-06dc4cbfdf1e,Miami Beach Golf Club,9,4
2025-10-25,d655c550-b1ce-11f0-ae21-06dc4cbfdf1e,Miami Beach Golf Club,10,9
2025-10-25,d655c550-b1ce-11f0-ae21-06dc4cbfdf1e,Miami Beach Golf Club,11,6
2025-10-25,d655c550-b1ce-11f0-ae21-06dc4cbfdf1e,Miami Beach Golf Club,12,8
2025-10-25,d655c550-b1ce-11f0-ae21-06dc4cbfdf1e,Miami Beach Golf Club,13,5
2025-10-25,d655c550-b1ce-11f0-ae21-06dc4cbfdf1e,Miami Beach Golf Club,14,5
2025-10-25,d655c550-b1ce-11f0-ae21-06dc4cbfdf1e,Miami Beach Golf Club,15,6
2025-10-25,d655c550-b1ce-11f0-ae21-06dc4cbfdf1e,Miami Beach Golf Club,16,6
2025-10-25,d655c550-b1ce-11f0-ae21-06dc4cbfdf1e,Miami Beach Golf Club,17,3
2025-10-25,d655c550-b1ce-11f0-ae21-06dc4cbfdf1e,Miami Beach Golf Club,18,6
2025-11-07,a0ff5bf0-bc0a-11f0-9912-021d58ec5439,Crandon Golf At Key Biscayne,1,5
2025-11-07,a0ff5bf0-bc0a-11f0-9912-021d58ec5439,Crandon Golf At Key Biscayne,2,5
2025-11-07,a0ff5bf0-bc0a-11f0-9912-021d58ec5439,Crandon Golf At Key Biscayne,3,4
2025-11-07,a0ff5bf0-bc0a-11f0-9912-021d58ec5439,Crandon Golf At Key Biscayne,4,5
2025-11-07,a0ff5bf0-bc0a-11f0-9912-021d58ec5439,Crandon Golf At Key Biscayne,5,6
2025-11-07,a0ff5bf0-bc0a-11f0-9912-021d58ec5439,Crandon Golf At Key Biscayne,6,3
2025-11-07,a0ff5bf0-bc0a-11f0-9912-021d58ec5439,Crandon Golf At Key Biscayne,7,7
2025-11-07,a0ff5bf0-bc0a-11f0-9912-021d58ec5439,Crandon Golf At Key Biscayne,8,3
2025-11-07,a0ff5bf0-bc0a-11f0-9912-021d58ec5439,Crandon Golf At Key Biscayne,9,7
2025-11-07,a0ff5bf0-bc0a-11f0-9912-021d58ec5439,Crandon Golf At Key Biscayne,10,7
2025-11-07,a0ff5bf0-bc0a-11f0-9912-021d58ec5439,Crandon Golf At Key Biscayne,11,5
2025-11-07,a0ff5bf0-bc0a-11f0-9912-021d58ec5439,Crandon Golf At Key Biscayne,12,4
2025-11-07,a0ff5bf0-bc0a-11f0-9912-021d58ec5439,Crandon Golf At Key Biscayne,13,6
2025-11-07,a0ff5bf0-bc0a-11f0-9912-021d58ec5439,Crandon Golf At Key Biscayne,14,5
2025-11-07,a0ff5bf0-bc0a-11f0-9912-021d58ec5439,Crandon Golf At Key Biscayne,15,9
2025-11-07,a0ff5bf0-bc0a-11f0-9912-021d58ec5439,Crandon Golf At Key Biscayne,16,7
2025-11-07,a0ff5bf0-bc0a-11f0-9912-021d58ec5439,Crandon Golf At Key Biscayne,17,4
2025-11-07,a0ff5bf0-bc0a-11f0-9912-021d58ec5439,Crandon Golf At Key Biscayne,18,7
2025-11-08,ede62850-bcbd-11f0-adb2-029b90f35a4e,Normandy Shores Golf Course,1,6
2025-11-08,ede62850-bcbd-11f0-adb2-029b90f35a4e,Normandy Shores Golf Course,2,4
2025-11-08,ede62850-bcbd-11f0-adb2-029b90f35a4e,Normandy Shores Golf Course,3,5
2025-11-08,ede62850-bcbd-11f0-adb2-029b90f35a4e,Normandy Shores Golf Course,4,4
2025-11-08,ede62850-bcbd-11f0-adb2-029b90f35a4e,Normandy Shores Golf Course,5,4
2025-11-08,ede62850-bcbd-11f0-adb2-029b90f35a4e,Normandy Shores Golf Course,6,4
2025-11-08,ede62850-bcbd-11f0-adb2-029b90f35a4e,Normandy Shores Golf Course,7,6
2025-11-08,ede62850-bcbd-11f0-adb2-029b90f35a4e,Normandy Shores Golf Course,8,4
2025-11-08,ede62850-bcbd-11f0-adb2-029b90f35a4e,Normandy Shores Golf Course,9,6
2025-11-08,ede62850-bcbd-11f0-adb2-029b90f35a4e,Normandy Shores Golf Course,10,5
2025-11-08,ede62850-bcbd-11f0-adb2-029b90f35a4e,Normandy Shores Golf Course,11,6
2025-11-08,ede62850-bcbd-11f0-adb2-029b90f35a4e,Normandy Shores Golf Course,12,4
2025-11-08,ede62850-bcbd-11f0-adb2-029b90f35a4e,Normandy Shores Golf Course,13,5
2025-11-08,ede62850-bcbd-11f0-adb2-029b90f35a4e,Normandy Shores Golf Course,14,5
2025-11-08,ede62850-bcbd-11f0-adb2-029b90f35a4e,Normandy Shores Golf Course,15,7
2025-11-08,ede62850-bcbd-11f0-adb2-029b90f35a4e,Normandy Shores Golf Course,16,6
2025-11-08,ede62850-bcbd-11f0-adb2-029b90f35a4e,Normandy Shores Golf Course,17,4
2025-11-08,ede62850-bcbd-11f0-adb2-029b90f35a4e,Normandy Shores Golf Course,18,5
2025-11-14,fdfbbeb0-c16f-11f0-ada9-06d15d9e7497,El Cielo Country Club,1,6
2025-11-14,fdfbbeb0-c16f-11f0-ada9-06d15d9e7497,El Cielo Country Club,2,5
2025-11-14,fdfbbeb0-c16f-11f0-ada9-06d15d9e7497,El Cielo Country Club,3,5
2025-11-14,fdfbbeb0-c16f-11f0-ada9-06d15d9e7497,El Cielo Country Club,4,5
2025-11-14,fdfbbeb0-c16f-11f0-ada9-06d15d9e7497,El Cielo Country Club,5,5
2025-11-14,fdfbbeb0-c16f-11f0-ada9-06d15d9e7497,El Cielo Country Club,6,6
2025-11-14,fdfbbeb0-c16f-11f0-ada9-06d15d9e7497,El Cielo Country Club,7,5
2025-11-14,fdfbbeb0-c16f-11f0-ada9-06d15d9e7497,El Cielo Country Club,8,5
2025-11-14,fdfbbeb0-c16f-11f0-ada9-06d15d9e7497,El Cielo Country Club,9,6
2025-11-14,fdfbbeb0-c16f-11f0-ada9-06d15d9e7497,El Cielo Country Club,10,4
2025-11-14,fdfbbeb0-c16f-11f0-ada9-06d15d9e7497,El Cielo Country Club,11,6
2025-11-14,fdfbbeb0-c16f-11f0-ada9-06d15d9e7497,El Cielo Country Club,12,4
2025-11-14,fdfbbeb0-c16f-11f0-ada9-06d15d9e7497,El Cielo Country Club,13,3
2025-11-14,fdfbbeb0-c16f-11f0-ada9-06d15d9e7497,El Cielo Country Club,14,7
2025-11-14,fdfbbeb0-c16f-11f0-ada9-06d15d9e7497,El Cielo Country Club,15,5
2025-11-14,fdfbbeb0-c16f-11f0-ada9-06d15d9e7497,El Cielo Country Club,16,5
2025-11-14,fdfbbeb0-c16f-11f0-ada9-06d15d9e7497,El Cielo Country Club,17,6
2025-11-14,fdfbbeb0-c16f-11f0-ada9-06d15d9e7497,El Cielo Country Club,18,7
2025-11-18,debce2c0-c4b9-11f0-adb2-029b90f35a4e,Enagic at Eastlake,1,3
2025-11-18,debce2c0-c4b9-11f0-adb2-029b90f35a4e,Enagic at Eastlake,2,6
2025-11-18,debce2c0-c4b9-11f0-adb2-029b90f35a4e,Enagic at Eastlake,3,4
2025-11-18,debce2c0-c4b9-11f0-adb2-029b90f35a4e,Enagic at Eastlake,4,4
2025-11-18,debce2c0-c4b9-11f0-adb2-029b90f35a4e,Enagic at Eastlake,5,7
2025-11-18,debce2c0-c4b9-11f0-adb2-029b90f35a4e,Enagic at Eastlake,6,6
2025-11-18,debce2c0-c4b9-11f0-adb2-029b90f35a4e,Enagic at Eastlake,7,3
2025-11-18,debce2c0-c4b9-11f0-adb2-029b90f35a4e,Enagic at Eastlake,8,5
2025-11-18,debce2c0-c4b9-11f0-adb2-029b90f35a4e,Enagic at Eastlake,9,6
2025-11-18,debce2c0-c4b9-11f0-adb2-029b90f35a4e,Enagic at Eastlake,10,6
2025-11-18,debce2c0-c4b9-11f0-adb2-029b90f35a4e,Enagic at Eastlake,11,5
2025-11-18,debce2c0-c4b9-11f0-adb2-029b90f35a4e,Enagic at Eastlake,12,5
2025-11-18,debce2c0-c4b9-11f0-adb2-029b90f35a4e,Enagic at Eastlake,13,5
2025-11-18,debce2c0-c4b9-11f0-adb2-029b90f35a4e,Enagic at Eastlake,14,7
2025-11-18,debce2c0-c4b9-11f0-adb2-029b90f35a4e,Enagic at Eastlake,15,5
2025-11-18,debce2c0-c4b9-11f0-adb2-029b90f35a4e,Enagic at Eastlake,16,6
2025-11-18,debce2c0-c4b9-11f0-adb2-029b90f35a4e,Enagic at Eastlake,17,4
2025-11-18,debce2c0-c4b9-11f0-adb2-029b90f35a4e,Enagic at Eastlake,18,7
2025-11-22,09bb80d0-c7d5-11f0-b6c3-021d58ec5439,Bonita Golf Course,1,6
2025-11-22,09bb80d0-c7d5-11f0-b6c3-021d58ec5439,Bonita Golf Course,2,4
2025-11-22,09bb80d0-c7d5-11f0-b6c3-021d58ec5439,Bonita Golf Course,3,5
2025-11-22,09bb80d0-c7d5-11f0-b6c3-021d58ec5439,Bonita Golf Course,4,6
2025-11-22,09bb80d0-c7d5-11f0-b6c3-021d58ec5439,Bonita Golf Course,5,5
2025-11-22,09bb80d0-c7d5-11f0-b6c3-021d58ec5439,Bonita Golf Course,6,4
2025-11-22,09bb80d0-c7d5-11f0-b6c3-021d58ec5439,Bonita Golf Course,7,5
2025-11-22,09bb80d0-c7d5-11f0-b6c3-021d58ec5439,Bonita Golf Course,8,5
2025-11-22,09bb80d0-c7d5-11f0-b6c3-021d58ec5439,Bonita Golf Course,9,3
2025-11-22,09bb80d0-c7d5-11f0-b6c3-021d58ec5439,Bonita Golf Course,10,4
2025-11-22,09bb80d0-c7d5-11f0-b6c3-021d58ec5439,Bonita Golf Course,11,5
2025-11-22,09bb80d0-c7d5-11f0-b6c3-021d58ec5439,Bonita Golf Course,12,5
2025-11-22,09bb80d0-c7d5-11f0-b6c3-021d58ec5439,Bonita Golf Course,13,5
2025-11-22,09bb80d0-c7d5-11f0-b6c3-021d58ec5439,Bonita Golf Course,14,5
2025-11-22,09bb80d0-c7d5-11f0-b6c3-021d58ec5439,Bonita Golf Course,15,4
2025-11-22,09bb80d0-c7d5-11f0-b6c3-021d58ec5439,Bonita Golf Course,16,5
2025-11-22,09bb80d0-c7d5-11f0-b6c3-021d58ec5439,Bonita Golf Course,17,5
2025-11-22,09bb80d0-c7d5-11f0-b6c3-021d58ec5439,Bonita Golf Course,18,7
2025-11-23,ca779e30-c893-11f0-ab39-06d15d9e7497,Campestre de Tijuana,1,8
2025-11-23,ca779e30-c893-11f0-ab39-06d15d9e7497,Campestre de Tijuana,2,4
2025-11-23,ca779e30-c893-11f0-ab39-06d15d9e7497,Campestre de Tijuana,3,5
2025-11-23,ca779e30-c893-11f0-ab39-06d15d9e7497,Campestre de Tijuana,4,5
2025-11-23,ca779e30-c893-11f0-ab39-06d15d9e7497,Campestre de Tijuana,5,5
2025-11-23,ca779e30-c893-11f0-ab39-06d15d9e7497,Campestre de Tijuana,6,4
2025-11-23,ca779e30-c893-11f0-ab39-06d15d9e7497,Campestre de Tijuana,7,5
2025-11-23,ca779e30-c893-11f0-ab39-06d15d9e7497,Campestre de Tijuana,8,4
2025-11-23,ca779e30-c893-11f0-ab39-06d15d9e7497,Campestre de Tijuana,9,6
2025-11-23,ca779e30-c893-11f0-ab39-06d15d9e7497,Campestre de Tijuana,10,7
2025-11-23,ca779e30-c893-11f0-ab39-06d15d9e7497,Campestre de Tijuana,11,5
2025-11-23,ca779e30-c893-11f0-ab39-06d15d9e7497,Campestre de Tijuana,12,3
2025-11-23,ca779e30-c893-11f0-ab39-06d15d9e7497,Campestre de Tijuana,13,5
2025-11-23,ca779e30-c893-11f0-ab39-06d15d9e7497,Campestre de Tijuana,14,4
2025-11-23,ca779e30-c893-11f0-ab39-06d15d9e7497,Campestre de Tijuana,15,5
2025-11-23,ca779e30-c893-11f0-ab39-06d15d9e7497,Campestre de Tijuana,16,4
2025-11-23,ca779e30-c893-11f0-ab39-06d15d9e7497,Campestre de Tijuana,17,6
2025-11-23,ca779e30-c893-11f0-ab39-06d15d9e7497,Campestre de Tijuana,18,4
2025-11-28,52b58e40-cc9c-11f0-a42d-06d15d9e7497,Campestre de Tijuana,1,5
2025-11-28,52b58e40-cc9c-11f0-a42d-06d15d9e7497,Campestre de Tijuana,2,5
2025-11-28,52b58e40-cc9c-11f0-a42d-06d15d9e7497,Campestre de Tijuana,3,7
2025-11-28,52b58e40-cc9c-11f0-a42d-06d15d9e7497,Campestre de Tijuana,4,6
2025-11-28,52b58e40-cc9c-11f0-a42d-06d15d9e7497,Campestre de Tijuana,5,6
2025-11-28,52b58e40-cc9c-11f0-a42d-06d15d9e7497,Campestre de Tijuana,6,4
2025-11-28,52b58e40-cc9c-11f0-a42d-06d15d9e7497,Campestre de Tijuana,7,5
2025-11-28,52b58e40-cc9c-11f0-a42d-06d15d9e7497,Campestre de Tijuana,8,4
2025-11-28,52b58e40-cc9c-11f0-a42d-06d15d9e7497,Campestre de Tijuana,9,6
2025-12-07,9124e460-d394-11f0-a26a-029b90f35a4e,Campestre de Tijuana,1,6
2025-12-07,9124e460-d394-11f0-a26a-029b90f35a4e,Campestre de Tijuana,2,4
2025-12-07,9124e460-d394-11f0-a26a-029b90f35a4e,Campestre de Tijuana,3,4
2025-12-07,9124e460-d394-11f0-a26a-029b90f35a4e,Campestre de Tijuana,4,4
2025-12-07,9124e460-d394-11f0-a26a-029b90f35a4e,Campestre de Tijuana,5,6
2025-12-07,9124e460-d394-11f0-a26a-029b90f35a4e,Campestre de Tijuana,6,5
2025-12-07,9124e460-d394-11f0-a26a-029b90f35a4e,Campestre de Tijuana,7,5
2025-12-07,9124e460-d394-11f0-a26a-029b90f35a4e,Campestre de Tijuana,8,4
2025-12-07,9124e460-d394-11f0-a26a-029b90f35a4e,Campestre de Tijuana,9,8
2025-12-07,9124e460-d394-11f0-a26a-029b90f35a4e,Campestre de Tijuana,10,5
2025-12-07,9124e460-d394-11f0-a26a-029b90f35a4e,Campestre de Tijuana,11,5
2025-12-07,9124e460-d394-11f0-a26a-029b90f35a4e,Campestre de Tijuana,12,4
2025-12-07,9124e460-d394-11f0-a26a-029b90f35a4e,Campestre de Tijuana,13,6
2025-12-07,9124e460-d394-11f0-a26a-029b90f35a4e,Campestre de Tijuana,14,5
2025-12-07,9124e460-d394-11f0-a26a-029b90f35a4e,Campestre de Tijuana,15,4
2025-12-07,9124e460-d394-11f0-a26a-029b90f35a4e,Campestre de Tijuana,16,6
2025-12-07,9124e460-d394-11f0-a26a-029b90f35a4e,Campestre de Tijuana,17,6
2025-12-07,9124e460-d394-11f0-a26a-029b90f35a4e,Campestre de Tijuana,18,3
2025-12-08,8d2223f0-d45c-11f0-b468-021d58ec5439,Campestre de Tijuana,1,8
2025-12-08,8d2223f0-d45c-11f0-b468-021d58ec5439,Campestre de Tijuana,2,4
2025-12-08,8d2223f0-d45c-11f0-b468-021d58ec5439,Campestre de Tijuana,3,7
2025-12-08,8d2223f0-d45c-11f0-b468-021d58ec5439,Campestre de Tijuana,4,5
2025-12-08,8d2223f0-d45c-11f0-b468-021d58ec5439,Campestre de Tijuana,5,6
2025-12-08,8d2223f0-d45c-11f0-b468-021d58ec5439,Campestre de Tijuana,6,3
2025-12-08,8d2223f0-d45c-11f0-b468-021d58ec5439,Campestre de Tijuana,7,5
2025-12-08,8d2223f0-d45c-11f0-b468-021d58ec5439,Campestre de Tijuana,8,5
2025-12-08,8d2223f0-d45c-11f0-b468-021d58ec5439,Campestre de Tijuana,9,5
2025-12-08,8d2223f0-d45c-11f0-b468-021d58ec5439,Campestre de Tijuana,10,6
2025-12-08,8d2223f0-d45c-11f0-b468-021d58ec5439,Campestre de Tijuana,11,5
2025-12-08,8d2223f0-d45c-11f0-b468-021d58ec5439,Campestre de Tijuana,12,2
2025-12-08,8d2223f0-d45c-11f0-b468-021d58ec5439,Campestre de Tijuana,13,5
2025-12-08,8d2223f0-d45c-11f0-b468-021d58ec5439,Campestre de Tijuana,14,6
2025-12-08,8d2223f0-d45c-11f0-b468-021d58ec5439,Campestre de Tijuana,15,5
2025-12-08,8d2223f0-d45c-11f0-b468-021d58ec5439,Campestre de Tijuana,16,6
2025-12-08,8d2223f0-d45c-11f0-b468-021d58ec5439,Campestre de Tijuana,17,4
2025-12-08,8d2223f0-d45c-11f0-b468-021d58ec5439,Campestre de Tijuana,18,4
2025-12-13,68978aa0-d85f-11f0-83bd-06508d097ff9,Balboa Park,1,4
2025-12-13,68978aa0-d85f-11f0-83bd-06508d097ff9,Balboa Park,2,6
2025-12-13,68978aa0-d85f-11f0-83bd-06508d097ff9,Balboa Park,3,4
2025-12-13,68978aa0-d85f-11f0-83bd-06508d097ff9,Balboa Park,4,4
2025-12-13,68978aa0-d85f-11f0-83bd-06508d097ff9,Balboa Park,5,3
2025-12-13,68978aa0-d85f-11f0-83bd-06508d097ff9,Balboa Park,6,5
2025-12-13,68978aa0-d85f-11f0-83bd-06508d097ff9,Balboa Park,7,7
2025-12-13,68978aa0-d85f-11f0-83bd-06508d097ff9,Balboa Park,8,5
2025-12-13,68978aa0-d85f-11f0-83bd-06508d097ff9,Balboa Park,9,4
2025-12-13,68978aa0-d85f-11f0-83bd-06508d097ff9,Balboa Park,10,5
2025-12-13,68978aa0-d85f-11f0-83bd-06508d097ff9,Balboa Park,11,6
2025-12-13,68978aa0-d85f-11f0-83bd-06508d097ff9,Balboa Park,12,4
2025-12-13,68978aa0-d85f-11f0-83bd-06508d097ff9,Balboa Park,13,4
2025-12-13,68978aa0-d85f-11f0-83bd-06508d097ff9,Balboa Park,14,6
2025-12-13,68978aa0-d85f-11f0-83bd-06508d097ff9,Balboa Park,15,4
2025-12-13,68978aa0-d85f-11f0-83bd-06508d097ff9,Balboa Park,16,6
2025-12-13,68978aa0-d85f-11f0-83bd-06508d097ff9,Balboa Park,17,3
2025-12-13,68978aa0-d85f-11f0-83bd-06508d097ff9,Balboa Park,18,5
2025-12-20,e07e3c60-ddd4-11f0-85a6-0a202d83cc26,Enagic at Eastlake,1,4
2025-12-20,e07e3c60-ddd4-11f0-85a6-0a202d83cc26,Enagic at Eastlake,2,5
2025-12-20,e07e3c60-ddd4-11f0-85a6-0a202d83cc26,Enagic at Eastlake,3,5
2025-12-20,e07e3c60-ddd4-11f0-85a6-0a202d83cc26,Enagic at Eastlake,4,4
2025-12-20,e07e3c60-ddd4-11f0-85a6-0a202d83cc26,Enagic at Eastlake,5,6
2025-12-20,e07e3c60-ddd4-11f0-85a6-0a202d83cc26,Enagic at Eastlake,6,5
2025-12-20,e07e3c60-ddd4-11f0-85a6-0a202d83cc26,Enagic at Eastlake,7,3
2025-12-20,e07e3c60-ddd4-11f0-85a6-0a202d83cc26,Enagic at Eastlake,8,5
2025-12-20,e07e3c60-ddd4-11f0-85a6-0a202d83cc26,Enagic at Eastlake,9,6
2025-12-20,e07e3c60-ddd4-11f0-85a6-0a202d83cc26,Enagic at Eastlake,10,4
2025-12-20,e07e3c60-ddd4-11f0-85a6-0a202d83cc26,Enagic at Eastlake,11,5
2025-12-20,e07e3c60-ddd4-11f0-85a6-0a202d83cc26,Enagic at Eastlake,12,3
2025-12-20,e07e3c60-ddd4-11f0-85a6-0a202d83cc26,Enagic at Eastlake,13,5
2025-12-20,e07e3c60-ddd4-11f0-85a6-0a202d83cc26,Enagic at Eastlake,14,6
2025-12-20,e07e3c60-ddd4-11f0-85a6-0a202d83cc26,Enagic at Eastlake,15,6
2025-12-20,e07e3c60-ddd4-11f0-85a6-0a202d83cc26,Enagic at Eastlake,16,3
2025-12-20,e07e3c60-ddd4-11f0-85a6-0a202d83cc26,Enagic at Eastlake,17,4
2025-12-20,e07e3c60-ddd4-11f0-85a6-0a202d83cc26,Enagic at Eastlake,18,5
2025-12-22,8b9893e0-df77-11f0-9711-06dc4cbfdf1e,Enagic at Eastlake,1,5
2025-12-22,8b9893e0-df77-11f0-9711-06dc4cbfdf1e,Enagic at Eastlake,2,5
2025-12-22,8b9893e0-df77-11f0-9711-06dc4cbfdf1e,Enagic at Eastlake,3,4
2025-12-22,8b9893e0-df77-11f0-9711-06dc4cbfdf1e,Enagic at Eastlake,4,4
2025-12-22,8b9893e0-df77-11f0-9711-06dc4cbfdf1e,Enagic at Eastlake,5,6
2025-12-22,8b9893e0-df77-11f0-9711-06dc4cbfdf1e,Enagic at Eastlake,6,6
2025-12-22,8b9893e0-df77-11f0-9711-06dc4cbfdf1e,Enagic at Eastlake,7,4
2025-12-22,8b9893e0-df77-11f0-9711-06dc4cbfdf1e,Enagic at Eastlake,8,4
2025-12-22,8b9893e0-df77-11f0-9711-06dc4cbfdf1e,Enagic at Eastlake,9,5
2025-12-22,8b9893e0-df77-11f0-9711-06dc4cbfdf1e,Enagic at Eastlake,10,4
2025-12-22,8b9893e0-df77-11f0-9711-06dc4cbfdf1e,Enagic at Eastlake,11,6
2025-12-22,8b9893e0-df77-11f0-9711-06dc4cbfdf1e,Enagic at Eastlake,12,5
2025-12-22,8b9893e0-df77-11f0-9711-06dc4cbfdf1e,Enagic at Eastlake,13,5
2025-12-22,8b9893e0-df77-11f0-9711-06dc4cbfdf1e,Enagic at Eastlake,14,7
2025-12-22,8b9893e0-df77-11f0-9711-06dc4cbfdf1e,Enagic at Eastlake,15,5
2025-12-22,8b9893e0-df77-11f0-9711-06dc4cbfdf1e,Enagic at Eastlake,16,5
2025-12-22,8b9893e0-df77-11f0-9711-06dc4cbfdf1e,Enagic at Eastlake,17,4
2025-12-22,8b9893e0-df77-11f0-9711-06dc4cbfdf1e,Enagic at Eastlake,18,5
2025-12-26,db3126b0-e283-11f0-a523-06d15d9e7497,Enagic at Eastlake,1,5
2025-12-26,db3126b0-e283-11f0-a523-06d15d9e7497,Enagic at Eastlake,2,5
2025-12-26,db3126b0-e283-11f0-a523-06d15d9e7497,Enagic at Eastlake,3,6
2025-12-26,db3126b0-e283-11f0-a523-06d15d9e7497,Enagic at Eastlake,4,3
2025-12-26,db3126b0-e283-11f0-a523-06d15d9e7497,Enagic at Eastlake,5,5
2025-12-26,db3126b0-e283-11f0-a523-06d15d9e7497,Enagic at Eastlake,6,6
2025-12-26,db3126b0-e283-11f0-a523-06d15d9e7497,Enagic at Eastlake,7,5
2025-12-26,db3126b0-e283-11f0-a523-06d15d9e7497,Enagic at Eastlake,8,6
2025-12-26,db3126b0-e283-11f0-a523-06d15d9e7497,Enagic at Eastlake,9,4
2025-12-26,db3126b0-e283-11f0-a523-06d15d9e7497,Enagic at Eastlake,10,4
2025-12-26,db3126b0-e283-11f0-a523-06d15d9e7497,Enagic at Eastlake,11,4
2025-12-26,db3126b0-e283-11f0-a523-06d15d9e7497,Enagic at Eastlake,12,3
2025-12-26,db3126b0-e283-11f0-a523-06d15d9e7497,Enagic at Eastlake,13,6
2025-12-26,db3126b0-e283-11f0-a523-06d15d9e7497,Enagic at Eastlake,14,5
2025-12-26,db3126b0-e283-11f0-a523-06d15d9e7497,Enagic at Eastlake,15,5
2025-12-26,db3126b0-e283-11f0-a523-06d15d9e7497,Enagic at Eastlake,16,5
2025-12-26,db3126b0-e283-11f0-a523-06d15d9e7497,Enagic at Eastlake,17,4
2025-12-26,db3126b0-e283-11f0-a523-06d15d9e7497,Enagic at Eastlake,18,6
2025-12-28,6bedfb50-e415-11f0-b164-06508d097ff9,Steele Canyon Golf Club,1,5
2025-12-28,6bedfb50-e415-11f0-b164-06508d097ff9,Steele Canyon Golf Club,2,8
2025-12-28,6bedfb50-e415-11f0-b164-06508d097ff9,Steele Canyon Golf Club,3,4
2025-12-28,6bedfb50-e415-11f0-b164-06508d097ff9,Steele Canyon Golf Club,4,7
2025-12-28,6bedfb50-e415-11f0-b164-06508d097ff9,Steele Canyon Golf Club,5,4
2025-12-28,6bedfb50-e415-11f0-b164-06508d097ff9,Steele Canyon Golf Club,6,5
2025-12-28,6bedfb50-e415-11f0-b164-06508d097ff9,Steele Canyon Golf Club,7,4
2025-12-28,6bedfb50-e415-11f0-b164-06508d097ff9,Steele Canyon Golf Club,8,6
2025-12-28,6bedfb50-e415-11f0-b164-06508d097ff9,Steele Canyon Golf Club,9,5
2025-12-28,6bedfb50-e415-11f0-b164-06508d097ff9,Steele Canyon Golf Club,10,5
2025-12-28,6bedfb50-e415-11f0-b164-06508d097ff9,Steele Canyon Golf Club,11,5
2025-12-28,6bedfb50-e415-11f0-b164-06508d097ff9,Steele Canyon Golf Club,12,6
2025-12-28,6bedfb50-e415-11f0-b164-06508d097ff9,Steele Canyon Golf Club,13,6
2025-12-28,6bedfb50-e415-11f0-b164-06508d097ff9,Steele Canyon Golf Club,14,6
2025-12-28,6bedfb50-e415-11f0-b164-06508d097ff9,Steele Canyon Golf Club,15,7
2025-12-28,6bedfb50-e415-11f0-b164-06508d097ff9,Steele Canyon Golf Club,16,6
2025-12-28,6bedfb50-e415-11f0-b164-06508d097ff9,Steele Canyon Golf Club,17,4
2025-12-28,6bedfb50-e415-11f0-b164-06508d097ff9,Steele Canyon Golf Club,18,5
2025-12-29,0e1858a0-e4dc-11f0-80af-0a37364634b7,Enagic at Eastlake,1,4
2025-12-29,0e1858a0-e4dc-11f0-80af-0a37364634b7,Enagic at Eastlake,2,4
2025-12-29,0e1858a0-e4dc-11f0-80af-0a37364634b7,Enagic at Eastlake,3,5
2025-12-29,0e1858a0-e4dc-11f0-80af-0a37364634b7,Enagic at Eastlake,4,4
2025-12-29,0e1858a0-e4dc-11f0-80af-0a37364634b7,Enagic at Eastlake,5,6
2025-12-29,0e1858a0-e4dc-11f0-80af-0a37364634b7,Enagic at Eastlake,6,5
2025-12-29,0e1858a0-e4dc-11f0-80af-0a37364634b7,Enagic at Eastlake,7,4
2025-12-29,0e1858a0-e4dc-11f0-80af-0a37364634b7,Enagic at Eastlake,8,4
2025-12-29,0e1858a0-e4dc-11f0-80af-0a37364634b7,Enagic at Eastlake,9,6
2025-12-29,0e1858a0-e4dc-11f0-80af-0a37364634b7,Enagic at Eastlake,10,4
2025-12-29,0e1858a0-e4dc-11f0-80af-0a37364634b7,Enagic at Eastlake,11,4
2025-12-29,0e1858a0-e4dc-11f0-80af-0a37364634b7,Enagic at Eastlake,12,2
2025-12-29,0e1858a0-e4dc-11f0-80af-0a37364634b7,Enagic at Eastlake,13,6
2025-12-29,0e1858a0-e4dc-11f0-80af-0a37364634b7,Enagic at Eastlake,14,6
2025-12-29,0e1858a0-e4dc-11f0-80af-0a37364634b7,Enagic at Eastlake,15,4
2025-12-29,0e1858a0-e4dc-11f0-80af-0a37364634b7,Enagic at Eastlake,16,5
2025-12-29,0e1858a0-e4dc-11f0-80af-0a37364634b7,Enagic at Eastlake,17,4
2025-12-29,0e1858a0-e4dc-11f0-80af-0a37364634b7,Enagic at Eastlake,18,9
2025-12-30,38082650-e5a8-11f0-80af-0a37364634b7,Maderas Golf Club,1,5
2025-12-30,38082650-e5a8-11f0-80af-0a37364634b7,Maderas Golf Club,2,4
2025-12-30,38082650-e5a8-11f0-80af-0a37364634b7,Maderas Golf Club,3,6
2025-12-30,38082650-e5a8-11f0-80af-0a37364634b7,Maderas Golf Club,4,5
2025-12-30,38082650-e5a8-11f0-80af-0a37364634b7,Maderas Golf Club,5,6
2025-12-30,38082650-e5a8-11f0-80af-0a37364634b7,Maderas Golf Club,6,6
2025-12-30,38082650-e5a8-11f0-80af-0a37364634b7,Maderas Golf Club,7,4
2025-12-30,38082650-e5a8-11f0-80af-0a37364634b7,Maderas Golf Club,8,7
2025-12-30,38082650-e5a8-11f0-80af-0a37364634b7,Maderas Golf Club,9,6
2025-12-30,38082650-e5a8-11f0-80af-0a37364634b7,Maderas Golf Club,10,7
2025-12-30,38082650-e5a8-11f0-80af-0a37364634b7,Maderas Golf Club,11,6
2025-12-30,38082650-e5a8-11f0-80af-0a37364634b7,Maderas Golf Club,12,7
2025-12-30,38082650-e5a8-11f0-80af-0a37364634b7,Maderas Golf Club,13,4
2025-12-30,38082650-e5a8-11f0-80af-0a37364634b7,Maderas Golf Club,14,6
2025-12-30,38082650-e5a8-11f0-80af-0a37364634b7,Maderas Golf Club,15,3
2025-12-30,38082650-e5a8-11f0-80af-0a37364634b7,Maderas Golf Club,16,4
2025-12-30,38082650-e5a8-11f0-80af-0a37364634b7,Maderas Golf Club,17,4
2025-12-30,38082650-e5a8-11f0-80af-0a37364634b7,Maderas Golf Club,18,8
2026-01-02,b848da50-e808-11f0-8951-02627b678af7,Enagic at Eastlake,1,5
2026-01-02,b848da50-e808-11f0-8951-02627b678af7,Enagic at Eastlake,2,5
2026-01-02,b848da50-e808-11f0-8951-02627b678af7,Enagic at Eastlake,3,5
2026-01-02,b848da50-e808-11f0-8951-02627b678af7,Enagic at Eastlake,4,4
2026-01-02,b848da50-e808-11f0-8951-02627b678af7,Enagic at Eastlake,5,5
2026-01-02,b848da50-e808-11f0-8951-02627b678af7,Enagic at Eastlake,6,6
2026-01-02,b848da50-e808-11f0-8951-02627b678af7,Enagic at Eastlake,7,4
2026-01-02,b848da50-e808-11f0-8951-02627b678af7,Enagic at Eastlake,8,4
2026-01-02,b848da50-e808-11f0-8951-02627b678af7,Enagic at Eastlake,9,5
2026-01-02,b848da50-e808-11f0-8951-02627b678af7,Enagic at Eastlake,10,5
2026-01-02,b848da50-e808-11f0-8951-02627b678af7,Enagic at Eastlake,11,6
2026-01-02,b848da50-e808-11f0-8951-02627b678af7,Enagic at Eastlake,12,6
2026-01-02,b848da50-e808-11f0-8951-02627b678af7,Enagic at Eastlake,13,6
2026-01-02,b848da50-e808-11f0-8951-02627b678af7,Enagic at Eastlake,14,5
2026-01-02,b848da50-e808-11f0-8951-02627b678af7,Enagic at Eastlake,15,5
2026-01-02,b848da50-e808-11f0-8951-02627b678af7,Enagic at Eastlake,16,4
2026-01-02,b848da50-e808-11f0-8951-02627b678af7,Enagic at Eastlake,17,6
2026-01-02,b848da50-e808-11f0-8951-02627b678af7,Enagic at Eastlake,18,5
2026-01-03,51487720-e8df-11f0-8fcb-021d58ec5439,Enagic at Eastlake,1,4
2026-01-03,51487720-e8df-11f0-8fcb-021d58ec5439,Enagic at Eastlake,2,6
2026-01-03,51487720-e8df-11f0-8fcb-021d58ec5439,Enagic at Eastlake,3,5
2026-01-03,51487720-e8df-11f0-8fcb-021d58ec5439,Enagic at Eastlake,4,4
2026-01-03,51487720-e8df-11f0-8fcb-021d58ec5439,Enagic at Eastlake,5,5
2026-01-03,51487720-e8df-11f0-8fcb-021d58ec5439,Enagic at Eastlake,6,5
2026-01-03,51487720-e8df-11f0-8fcb-021d58ec5439,Enagic at Eastlake,7,4
2026-01-03,51487720-e8df-11f0-8fcb-021d58ec5439,Enagic at Eastlake,8,4
2026-01-03,51487720-e8df-11f0-8fcb-021d58ec5439,Enagic at Eastlake,9,5
2026-01-03,51487720-e8df-11f0-8fcb-021d58ec5439,Enagic at Eastlake,10,5
2026-01-03,51487720-e8df-11f0-8fcb-021d58ec5439,Enagic at Eastlake,11,5
2026-01-03,51487720-e8df-11f0-8fcb-021d58ec5439,Enagic at Eastlake,12,4
2026-01-03,51487720-e8df-11f0-8fcb-021d58ec5439,Enagic at Eastlake,13,5
2026-01-03,51487720-e8df-11f0-8fcb-021d58ec5439,Enagic at Eastlake,14,5
2026-01-03,51487720-e8df-11f0-8fcb-021d58ec5439,Enagic at Eastlake,15,6
2026-01-03,51487720-e8df-11f0-8fcb-021d58ec5439,Enagic at Eastlake,16,4
2026-01-03,51487720-e8df-11f0-8fcb-021d58ec5439,Enagic at Eastlake,17,3
2026-01-03,51487720-e8df-11f0-8fcb-021d58ec5439,Enagic at Eastlake,18,6
2026-01-04,3b26c2c0-e98a-11f0-a821-06dc4cbfdf1e,Enagic at Eastlake,1,4
2026-01-04,3b26c2c0-e98a-11f0-a821-06dc4cbfdf1e,Enagic at Eastlake,2,5
2026-01-04,3b26c2c0-e98a-11f0-a821-06dc4cbfdf1e,Enagic at Eastlake,3,5
2026-01-04,3b26c2c0-e98a-11f0-a821-06dc4cbfdf1e,Enagic at Eastlake,4,3
2026-01-04,3b26c2c0-e98a-11f0-a821-06dc4cbfdf1e,Enagic at Eastlake,5,6
2026-01-04,3b26c2c0-e98a-11f0-a821-06dc4cbfdf1e,Enagic at Eastlake,6,5
2026-01-04,3b26c2c0-e98a-11f0-a821-06dc4cbfdf1e,Enagic at Eastlake,7,4
2026-01-04,3b26c2c0-e98a-11f0-a821-06dc4cbfdf1e,Enagic at Eastlake,8,4
2026-01-04,3b26c2c0-e98a-11f0-a821-06dc4cbfdf1e,Enagic at Eastlake,9,5
2026-01-04,3b26c2c0-e98a-11f0-a821-06dc4cbfdf1e,Enagic at Eastlake,10,5
2026-01-04,3b26c2c0-e98a-11f0-a821-06dc4cbfdf1e,Enagic at Eastlake,11,5
2026-01-04,3b26c2c0-e98a-11f0-a821-06dc4cbfdf1e,Enagic at Eastlake,12,4
2026-01-04,3b26c2c0-e98a-11f0-a821-06dc4cbfdf1e,Enagic at Eastlake,13,4
2026-01-04,3b26c2c0-e98a-11f0-a821-06dc4cbfdf1e,Enagic at Eastlake,14,6
2026-01-04,3b26c2c0-e98a-11f0-a821-06dc4cbfdf1e,Enagic at Eastlake,15,4
2026-01-04,3b26c2c0-e98a-11f0-a821-06dc4cbfdf1e,Enagic at Eastlake,16,5
2026-01-04,3b26c2c0-e98a-11f0-a821-06dc4cbfdf1e,Enagic at Eastlake,17,5
2026-01-04,3b26c2c0-e98a-11f0-a821-06dc4cbfdf1e,Enagic at Eastlake,18,6
2026-01-09,c92afb80-ed96-11f0-9b78-0ab15c307481,Campestre de Tijuana,1,6
2026-01-09,c92afb80-ed96-11f0-9b78-0ab15c307481,Campestre de Tijuana,2,4
2026-01-09,c92afb80-ed96-11f0-9b78-0ab15c307481,Campestre de Tijuana,3,5
2026-01-09,c92afb80-ed96-11f0-9b78-0ab15c307481,Campestre de Tijuana,4,4
2026-01-09,c92afb80-ed96-11f0-9b78-0ab15c307481,Campestre de Tijuana,5,3
2026-01-09,c92afb80-ed96-11f0-9b78-0ab15c307481,Campestre de Tijuana,6,4
2026-01-09,c92afb80-ed96-11f0-9b78-0ab15c307481,Campestre de Tijuana,7,5
2026-01-09,c92afb80-ed96-11f0-9b78-0ab15c307481,Campestre de Tijuana,8,5
2026-01-09,c92afb80-ed96-11f0-9b78-0ab15c307481,Campestre de Tijuana,9,5
2026-01-09,c92afb80-ed96-11f0-9b78-0ab15c307481,Campestre de Tijuana,10,5
2026-01-09,c92afb80-ed96-11f0-9b78-0ab15c307481,Campestre de Tijuana,11,5
2026-01-09,c92afb80-ed96-11f0-9b78-0ab15c307481,Campestre de Tijuana,12,4
2026-01-09,c92afb80-ed96-11f0-9b78-0ab15c307481,Campestre de Tijuana,13,4
2026-01-09,c92afb80-ed96-11f0-9b78-0ab15c307481,Campestre de Tijuana,14,4
2026-01-09,c92afb80-ed96-11f0-9b78-0ab15c307481,Campestre de Tijuana,15,5
2026-01-09,c92afb80-ed96-11f0-9b78-0ab15c307481,Campestre de Tijuana,16,5
2026-01-09,c92afb80-ed96-11f0-9b78-0ab15c307481,Campestre de Tijuana,17,7
2026-01-09,c92afb80-ed96-11f0-9b78-0ab15c307481,Campestre de Tijuana,18,4
2026-02-21,5d2e7ff0-0f43-11f1-9a21-0a37364634b7,The Club at Emerald Hills,1,7
2026-02-21,5d2e7ff0-0f43-11f1-9a21-0a37364634b7,The Club at Emerald Hills,2,5
2026-02-21,5d2e7ff0-0f43-11f1-9a21-0a37364634b7,The Club at Emerald Hills,3,3
2026-02-21,5d2e7ff0-0f43-11f1-9a21-0a37364634b7,The Club at Emerald Hills,4,5
2026-02-21,5d2e7ff0-0f43-11f1-9a21-0a37364634b7,The Club at Emerald Hills,5,6
2026-02-21,5d2e7ff0-0f43-11f1-9a21-0a37364634b7,The Club at Emerald Hills,6,4
2026-02-21,5d2e7ff0-0f43-11f1-9a21-0a37364634b7,The Club at Emerald Hills,7,6
2026-02-21,5d2e7ff0-0f43-11f1-9a21-0a37364634b7,The Club at Emerald Hills,8,5
2026-02-21,5d2e7ff0-0f43-11f1-9a21-0a37364634b7,The Club at Emerald Hills,9,6
2026-02-21,5d2e7ff0-0f43-11f1-9a21-0a37364634b7,The Club at Emerald Hills,10,5
2026-02-21,5d2e7ff0-0f43-11f1-9a21-0a37364634b7,The Club at Emerald Hills,11,4
2026-02-21,5d2e7ff0-0f43-11f1-9a21-0a37364634b7,The Club at Emerald Hills,12,7
2026-02-21,5d2e7ff0-0f43-11f1-9a21-0a37364634b7,The Club at Emerald Hills,13,7
2026-02-21,5d2e7ff0-0f43-11f1-9a21-0a37364634b7,The Club at Emerald Hills,14,5
2026-02-21,5d2e7ff0-0f43-11f1-9a21-0a37364634b7,The Club at Emerald Hills,15,8
2026-02-21,5d2e7ff0-0f43-11f1-9a21-0a37364634b7,The Club at Emerald Hills,16,5
2026-02-21,5d2e7ff0-0f43-11f1-9a21-0a37364634b7,The Club at Emerald Hills,17,4
2026-02-21,5d2e7ff0-0f43-11f1-9a21-0a37364634b7,The Club at Emerald Hills,18,6
2026-03-01,913fc6f0-15a1-11f1-bce6-02627b678af7,Campestre de Tijuana,1,6
2026-03-01,913fc6f0-15a1-11f1-bce6-02627b678af7,Campestre de Tijuana,2,5
2026-03-01,913fc6f0-15a1-11f1-bce6-02627b678af7,Campestre de Tijuana,3,6
2026-03-01,913fc6f0-15a1-11f1-bce6-02627b678af7,Campestre de Tijuana,4,4
2026-03-01,913fc6f0-15a1-11f1-bce6-02627b678af7,Campestre de Tijuana,5,5
2026-03-01,913fc6f0-15a1-11f1-bce6-02627b678af7,Campestre de Tijuana,6,5
2026-03-01,913fc6f0-15a1-11f1-bce6-02627b678af7,Campestre de Tijuana,7,4
2026-03-01,913fc6f0-15a1-11f1-bce6-02627b678af7,Campestre de Tijuana,8,4
2026-03-01,913fc6f0-15a1-11f1-bce6-02627b678af7,Campestre de Tijuana,9,5
2026-03-01,913fc6f0-15a1-11f1-bce6-02627b678af7,Campestre de Tijuana,10,7
2026-03-01,913fc6f0-15a1-11f1-bce6-02627b678af7,Campestre de Tijuana,11,4
2026-03-01,913fc6f0-15a1-11f1-bce6-02627b678af7,Campestre de Tijuana,12,4
2026-03-01,913fc6f0-15a1-11f1-bce6-02627b678af7,Campestre de Tijuana,13,5
2026-03-01,913fc6f0-15a1-11f1-bce6-02627b678af7,Campestre de Tijuana,14,6
2026-03-01,913fc6f0-15a1-11f1-bce6-02627b678af7,Campestre de Tijuana,15,6
2026-03-01,913fc6f0-15a1-11f1-bce6-02627b678af7,Campestre de Tijuana,16,5
2026-03-01,913fc6f0-15a1-11f1-bce6-02627b678af7,Campestre de Tijuana,17,6
2026-03-01,913fc6f0-15a1-11f1-bce6-02627b678af7,Campestre de Tijuana,18,4
2026-03-08,23356200-1b0a-11f1-bce6-02627b678af7,Enagic at Eastlake,1,7
2026-03-08,23356200-1b0a-11f1-bce6-02627b678af7,Enagic at Eastlake,2,5
2026-03-08,23356200-1b0a-11f1-bce6-02627b678af7,Enagic at Eastlake,3,4
2026-03-08,23356200-1b0a-11f1-bce6-02627b678af7,Enagic at Eastlake,4,3
2026-03-08,23356200-1b0a-11f1-bce6-02627b678af7,Enagic at Eastlake,5,7
2026-03-08,23356200-1b0a-11f1-bce6-02627b678af7,Enagic at Eastlake,6,5
2026-03-08,23356200-1b0a-11f1-bce6-02627b678af7,Enagic at Eastlake,7,3
2026-03-08,23356200-1b0a-11f1-bce6-02627b678af7,Enagic at Eastlake,8,6
2026-03-08,23356200-1b0a-11f1-bce6-02627b678af7,Enagic at Eastlake,9,7
2026-03-08,23356200-1b0a-11f1-bce6-02627b678af7,Enagic at Eastlake,10,5
2026-03-08,23356200-1b0a-11f1-bce6-02627b678af7,Enagic at Eastlake,11,6
2026-03-08,23356200-1b0a-11f1-bce6-02627b678af7,Enagic at Eastlake,12,2
2026-03-08,23356200-1b0a-11f1-bce6-02627b678af7,Enagic at Eastlake,13,5
2026-03-08,23356200-1b0a-11f1-bce6-02627b678af7,Enagic at Eastlake,14,4
2026-03-08,23356200-1b0a-11f1-bce6-02627b678af7,Enagic at Eastlake,15,5
2026-03-08,23356200-1b0a-11f1-bce6-02627b678af7,Enagic at Eastlake,16,6
2026-03-08,23356200-1b0a-11f1-bce6-02627b678af7,Enagic at Eastlake,17,3
2026-03-08,23356200-1b0a-11f1-bce6-02627b678af7,Enagic at Eastlake,18,6
2026-03-10,704ad870-1cce-11f1-a9d0-0a13f7eef7bd,Enagic at Eastlake,1,5
2026-03-10,704ad870-1cce-11f1-a9d0-0a13f7eef7bd,Enagic at Eastlake,2,5
2026-03-10,704ad870-1cce-11f1-a9d0-0a13f7eef7bd,Enagic at Eastlake,3,6
2026-03-10,704ad870-1cce-11f1-a9d0-0a13f7eef7bd,Enagic at Eastlake,4,5
2026-03-10,704ad870-1cce-11f1-a9d0-0a13f7eef7bd,Enagic at Eastlake,5,5
2026-03-10,704ad870-1cce-11f1-a9d0-0a13f7eef7bd,Enagic at Eastlake,6,4
2026-03-10,704ad870-1cce-11f1-a9d0-0a13f7eef7bd,Enagic at Eastlake,7,4
2026-03-10,704ad870-1cce-11f1-a9d0-0a13f7eef7bd,Enagic at Eastlake,8,4
2026-03-10,704ad870-1cce-11f1-a9d0-0a13f7eef7bd,Enagic at Eastlake,9,5
2026-03-10,704ad870-1cce-11f1-a9d0-0a13f7eef7bd,Enagic at Eastlake,10,5
2026-03-10,704ad870-1cce-11f1-a9d0-0a13f7eef7bd,Enagic at Eastlake,11,5
2026-03-10,704ad870-1cce-11f1-a9d0-0a13f7eef7bd,Enagic at Eastlake,12,3
2026-03-10,704ad870-1cce-11f1-a9d0-0a13f7eef7bd,Enagic at Eastlake,13,4
2026-03-10,704ad870-1cce-11f1-a9d0-0a13f7eef7bd,Enagic at Eastlake,14,5
2026-03-10,704ad870-1cce-11f1-a9d0-0a13f7eef7bd,Enagic at Eastlake,15,4
2026-03-10,704ad870-1cce-11f1-a9d0-0a13f7eef7bd,Enagic at Eastlake,16,6
2026-03-10,704ad870-1cce-11f1-a9d0-0a13f7eef7bd,Enagic at Eastlake,17,6
2026-03-10,704ad870-1cce-11f1-a9d0-0a13f7eef7bd,Enagic at Eastlake,18,5
2026-03-13,b5200210-1f29-11f1-9135-0a456b4aa951,Enagic at Eastlake,1,3
2026-03-13,b5200210-1f29-11f1-9135-0a456b4aa951,Enagic at Eastlake,2,6
2026-03-13,b5200210-1f29-11f1-9135-0a456b4aa951,Enagic at Eastlake,3,4
2026-03-13,b5200210-1f29-11f1-9135-0a456b4aa951,Enagic at Eastlake,4,5
2026-03-13,b5200210-1f29-11f1-9135-0a456b4aa951,Enagic at Eastlake,5,5
2026-03-13,b5200210-1f29-11f1-9135-0a456b4aa951,Enagic at Eastlake,6,5
2026-03-13,b5200210-1f29-11f1-9135-0a456b4aa951,Enagic at Eastlake,7,4
2026-03-13,b5200210-1f29-11f1-9135-0a456b4aa951,Enagic at Eastlake,8,4
2026-03-13,b5200210-1f29-11f1-9135-0a456b4aa951,Enagic at Eastlake,9,5
2026-03-13,b5200210-1f29-11f1-9135-0a456b4aa951,Enagic at Eastlake,10,5
2026-03-13,b5200210-1f29-11f1-9135-0a456b4aa951,Enagic at Eastlake,11,5
2026-03-13,b5200210-1f29-11f1-9135-0a456b4aa951,Enagic at Eastlake,12,4
2026-03-13,b5200210-1f29-11f1-9135-0a456b4aa951,Enagic at Eastlake,13,5
2026-03-13,b5200210-1f29-11f1-9135-0a456b4aa951,Enagic at Eastlake,14,6
2026-03-13,b5200210-1f29-11f1-9135-0a456b4aa951,Enagic at Eastlake,15,6
2026-03-13,b5200210-1f29-11f1-9135-0a456b4aa951,Enagic at Eastlake,16,4
2026-03-13,b5200210-1f29-11f1-9135-0a456b4aa951,Enagic at Eastlake,17,3
2026-03-13,b5200210-1f29-11f1-9135-0a456b4aa951,Enagic at Eastlake,18,5
2026-03-14,5f7affe0-1fc9-11f1-9f65-026cea355d3f,Enagic at Eastlake,1,5
2026-03-14,5f7affe0-1fc9-11f1-9f65-026cea355d3f,Enagic at Eastlake,2,4
2026-03-14,5f7affe0-1fc9-11f1-9f65-026cea355d3f,Enagic at Eastlake,3,4
2026-03-14,5f7affe0-1fc9-11f1-9f65-026cea355d3f,Enagic at Eastlake,4,3
2026-03-14,5f7affe0-1fc9-11f1-9f65-026cea355d3f,Enagic at Eastlake,5,6
2026-03-14,5f7affe0-1fc9-11f1-9f65-026cea355d3f,Enagic at Eastlake,6,5
2026-03-14,5f7affe0-1fc9-11f1-9f65-026cea355d3f,Enagic at Eastlake,7,5
2026-03-14,5f7affe0-1fc9-11f1-9f65-026cea355d3f,Enagic at Eastlake,8,6
2026-03-14,5f7affe0-1fc9-11f1-9f65-026cea355d3f,Enagic at Eastlake,9,5
2026-03-14,5f7affe0-1fc9-11f1-9f65-026cea355d3f,Enagic at Eastlake,10,4
2026-03-14,5f7affe0-1fc9-11f1-9f65-026cea355d3f,Enagic at Eastlake,11,4
2026-03-14,5f7affe0-1fc9-11f1-9f65-026cea355d3f,Enagic at Eastlake,12,5
2026-03-14,5f7affe0-1fc9-11f1-9f65-026cea355d3f,Enagic at Eastlake,13,5
2026-03-14,5f7affe0-1fc9-11f1-9f65-026cea355d3f,Enagic at Eastlake,14,7
2026-03-14,5f7affe0-1fc9-11f1-9f65-026cea355d3f,Enagic at Eastlake,15,4
2026-03-14,5f7affe0-1fc9-11f1-9f65-026cea355d3f,Enagic at Eastlake,16,5
2026-03-14,5f7affe0-1fc9-11f1-9f65-026cea355d3f,Enagic at Eastlake,17,5
2026-03-14,5f7affe0-1fc9-11f1-9f65-026cea355d3f,Enagic at Eastlake,18,5
2026-04-10,720f6640-3500-11f1-9581-068d11321665,The Club at Savannah Harbor,1,5
2026-04-10,720f6640-3500-11f1-9581-068d11321665,The Club at Savannah Harbor,2,5
2026-04-10,720f6640-3500-11f1-9581-068d11321665,The Club at Savannah Harbor,3,3
2026-04-10,720f6640-3500-11f1-9581-068d11321665,The Club at Savannah Harbor,4,6
2026-04-10,720f6640-3500-11f1-9581-068d11321665,The Club at Savannah Harbor,5,7
2026-04-10,720f6640-3500-11f1-9581-068d11321665,The Club at Savannah Harbor,6,5
2026-04-10,720f6640-3500-11f1-9581-068d11321665,The Club at Savannah Harbor,7,6
2026-04-10,720f6640-3500-11f1-9581-068d11321665,The Club at Savannah Harbor,8,4
2026-04-10,720f6640-3500-11f1-9581-068d11321665,The Club at Savannah Harbor,9,5
2026-04-10,720f6640-3500-11f1-9581-068d11321665,The Club at Savannah Harbor,10,4
2026-04-10,720f6640-3500-11f1-9581-068d11321665,The Club at Savannah Harbor,11,4
2026-04-10,720f6640-3500-11f1-9581-068d11321665,The Club at Savannah Harbor,12,6
2026-04-10,720f6640-3500-11f1-9581-068d11321665,The Club at Savannah Harbor,13,6
2026-04-10,720f6640-3500-11f1-9581-068d11321665,The Club at Savannah Harbor,14,5
2026-04-10,720f6640-3500-11f1-9581-068d11321665,The Club at Savannah Harbor,15,3
2026-04-10,720f6640-3500-11f1-9581-068d11321665,The Club at Savannah Harbor,16,5
2026-04-10,720f6640-3500-11f1-9581-068d11321665,The Club at Savannah Harbor,17,4
2026-04-10,720f6640-3500-11f1-9581-068d11321665,The Club at Savannah Harbor,18,6
2026-04-13,f63fddc0-372e-11f1-b820-068d11321665,Shipyard Golf Club,1,5
2026-04-13,f63fddc0-372e-11f1-b820-068d11321665,Shipyard Golf Club,2,5
2026-04-13,f63fddc0-372e-11f1-b820-068d11321665,Shipyard Golf Club,3,8
2026-04-13,f63fddc0-372e-11f1-b820-068d11321665,Shipyard Golf Club,4,4
2026-04-13,f63fddc0-372e-11f1-b820-068d11321665,Shipyard Golf Club,5,5
2026-04-13,f63fddc0-372e-11f1-b820-068d11321665,Shipyard Golf Club,6,5
2026-04-13,f63fddc0-372e-11f1-b820-068d11321665,Shipyard Golf Club,7,6
2026-04-13,f63fddc0-372e-11f1-b820-068d11321665,Shipyard Golf Club,8,4
2026-04-13,f63fddc0-372e-11f1-b820-068d11321665,Shipyard Golf Club,9,5
2026-04-13,f63fddc0-372e-11f1-b820-068d11321665,Shipyard Golf Club,10,6
2026-04-13,f63fddc0-372e-11f1-b820-068d11321665,Shipyard Golf Club,11,7
2026-04-13,f63fddc0-372e-11f1-b820-068d11321665,Shipyard Golf Club,12,5
2026-04-13,f63fddc0-372e-11f1-b820-068d11321665,Shipyard Golf Club,13,3
2026-04-13,f63fddc0-372e-11f1-b820-068d11321665,Shipyard Golf Club,14,5
2026-04-13,f63fddc0-372e-11f1-b820-068d11321665,Shipyard Golf Club,15,5
2026-04-13,f63fddc0-372e-11f1-b820-068d11321665,Shipyard Golf Club,16,4
2026-04-13,f63fddc0-372e-11f1-b820-068d11321665,Shipyard Golf Club,17,5
2026-04-13,f63fddc0-372e-11f1-b820-068d11321665,Shipyard Golf Club,18,7
2026-04-14,0c106b50-3839-11f1-bfb6-06aa16f34bd3,Oyster Reef Golf Club,1,4
2026-04-14,0c106b50-3839-11f1-bfb6-06aa16f34bd3,Oyster Reef Golf Club,2,6
2026-04-14,0c106b50-3839-11f1-bfb6-06aa16f34bd3,Oyster Reef Golf Club,3,4
2026-04-14,0c106b50-3839-11f1-bfb6-06aa16f34bd3,Oyster Reef Golf Club,4,5
2026-04-14,0c106b50-3839-11f1-bfb6-06aa16f34bd3,Oyster Reef Golf Club,5,5
2026-04-14,0c106b50-3839-11f1-bfb6-06aa16f34bd3,Oyster Reef Golf Club,6,4
2026-04-14,0c106b50-3839-11f1-bfb6-06aa16f34bd3,Oyster Reef Golf Club,7,5
2026-04-14,0c106b50-3839-11f1-bfb6-06aa16f34bd3,Oyster Reef Golf Club,8,4
2026-04-14,0c106b50-3839-11f1-bfb6-06aa16f34bd3,Oyster Reef Golf Club,9,8
2026-04-14,0c106b50-3839-11f1-bfb6-06aa16f34bd3,Oyster Reef Golf Club,10,6
2026-04-14,0c106b50-3839-11f1-bfb6-06aa16f34bd3,Oyster Reef Golf Club,11,3
2026-04-14,0c106b50-3839-11f1-bfb6-06aa16f34bd3,Oyster Reef Golf Club,12,5
2026-04-14,0c106b50-3839-11f1-bfb6-06aa16f34bd3,Oyster Reef Golf Club,13,4
2026-04-14,0c106b50-3839-11f1-bfb6-06aa16f34bd3,Oyster Reef Golf Club,14,5
2026-04-14,0c106b50-3839-11f1-bfb6-06aa16f34bd3,Oyster Reef Golf Club,15,5
2026-04-14,0c106b50-3839-11f1-bfb6-06aa16f34bd3,Oyster Reef Golf Club,16,4
2026-04-14,0c106b50-3839-11f1-bfb6-06aa16f34bd3,Oyster Reef Golf Club,17,7
2026-04-14,0c106b50-3839-11f1-bfb6-06aa16f34bd3,Oyster Reef Golf Club,18,3
2026-04-15,83095820-38c0-11f1-b608-0606d22ea88b,Port Royal Golf Club,1,4
2026-04-15,83095820-38c0-11f1-b608-0606d22ea88b,Port Royal Golf Club,2,4
2026-04-15,83095820-38c0-11f1-b608-0606d22ea88b,Port Royal Golf Club,3,6
2026-04-15,83095820-38c0-11f1-b608-0606d22ea88b,Port Royal Golf Club,4,5
2026-04-15,83095820-38c0-11f1-b608-0606d22ea88b,Port Royal Golf Club,5,5
2026-04-15,83095820-38c0-11f1-b608-0606d22ea88b,Port Royal Golf Club,6,3
2026-04-15,83095820-38c0-11f1-b608-0606d22ea88b,Port Royal Golf Club,7,4
2026-04-15,83095820-38c0-11f1-b608-0606d22ea88b,Port Royal Golf Club,8,6
2026-04-15,83095820-38c0-11f1-b608-0606d22ea88b,Port Royal Golf Club,9,7
2026-04-15,83095820-38c0-11f1-b608-0606d22ea88b,Port Royal Golf Club,10,8
2026-04-15,83095820-38c0-11f1-b608-0606d22ea88b,Port Royal Golf Club,11,6
2026-04-15,83095820-38c0-11f1-b608-0606d22ea88b,Port Royal Golf Club,12,5
2026-04-15,83095820-38c0-11f1-b608-0606d22ea88b,Port Royal Golf Club,13,4
2026-04-15,83095820-38c0-11f1-b608-0606d22ea88b,Port Royal Golf Club,14,3
2026-04-15,83095820-38c0-11f1-b608-0606d22ea88b,Port Royal Golf Club,15,8
2026-04-15,83095820-38c0-11f1-b608-0606d22ea88b,Port Royal Golf Club,16,3
2026-04-15,83095820-38c0-11f1-b608-0606d22ea88b,Port Royal Golf Club,17,7
2026-04-15,83095820-38c0-11f1-b608-0606d22ea88b,Port Royal Golf Club,18,6
2026-04-15,9dd8d181-38e3-11f1-b608-0606d22ea88b,Port Royal Golf Club,1,5
2026-04-15,9dd8d181-38e3-11f1-b608-0606d22ea88b,Port Royal Golf Club,2,4
2026-04-15,9dd8d181-38e3-11f1-b608-0606d22ea88b,Port Royal Golf Club,3,6
2026-04-15,9dd8d181-38e3-11f1-b608-0606d22ea88b,Port Royal Golf Club,4,8
2026-04-15,9dd8d181-38e3-11f1-b608-0606d22ea88b,Port Royal Golf Club,5,6
2026-04-15,9dd8d181-38e3-11f1-b608-0606d22ea88b,Port Royal Golf Club,6,4
2026-04-15,9dd8d181-38e3-11f1-b608-0606d22ea88b,Port Royal Golf Club,7,5
2026-04-15,9dd8d181-38e3-11f1-b608-0606d22ea88b,Port Royal Golf Club,8,5
2026-04-15,9dd8d181-38e3-11f1-b608-0606d22ea88b,Port Royal Golf Club,9,5
2026-04-15,9dd8d181-38e3-11f1-b608-0606d22ea88b,Port Royal Golf Club,10,6
2026-04-15,9dd8d181-38e3-11f1-b608-0606d22ea88b,Port Royal Golf Club,11,6
2026-04-15,9dd8d181-38e3-11f1-b608-0606d22ea88b,Port Royal Golf Club,12,5
2026-04-15,9dd8d181-38e3-11f1-b608-0606d22ea88b,Port Royal Golf Club,13,6
2026-04-15,9dd8d181-38e3-11f1-b608-0606d22ea88b,Port Royal Golf Club,14,2
2026-04-15,9dd8d181-38e3-11f1-b608-0606d22ea88b,Port Royal Golf Club,15,6
2026-04-15,9dd8d181-38e3-11f1-b608-0606d22ea88b,Port Royal Golf Club,16,4
2026-04-15,9dd8d181-38e3-11f1-b608-0606d22ea88b,Port Royal Golf Club,17,6
2026-04-15,9dd8d181-38e3-11f1-b608-0606d22ea88b,Port Royal Golf Club,18,5
2026-04-17,84eafc90-3a85-11f1-960a-02d9778a0d31,Palmetto Hall Plantation Club,1,5
2026-04-17,84eafc90-3a85-11f1-960a-02d9778a0d31,Palmetto Hall Plantation Club,2,6
2026-04-17,84eafc90-3a85-11f1-960a-02d9778a0d31,Palmetto Hall Plantation Club,3,7
2026-04-17,84eafc90-3a85-11f1-960a-02d9778a0d31,Palmetto Hall Plantation Club,4,5
2026-04-17,84eafc90-3a85-11f1-960a-02d9778a0d31,Palmetto Hall Plantation Club,5,5
2026-04-17,84eafc90-3a85-11f1-960a-02d9778a0d31,Palmetto Hall Plantation Club,6,6
2026-04-17,84eafc90-3a85-11f1-960a-02d9778a0d31,Palmetto Hall Plantation Club,7,5
2026-04-17,84eafc90-3a85-11f1-960a-02d9778a0d31,Palmetto Hall Plantation Club,8,4
2026-04-17,84eafc90-3a85-11f1-960a-02d9778a0d31,Palmetto Hall Plantation Club,9,6
2026-04-17,84eafc90-3a85-11f1-960a-02d9778a0d31,Palmetto Hall Plantation Club,10,7
2026-04-17,84eafc90-3a85-11f1-960a-02d9778a0d31,Palmetto Hall Plantation Club,11,4
2026-04-17,84eafc90-3a85-11f1-960a-02d9778a0d31,Palmetto Hall Plantation Club,12,5
2026-04-17,84eafc90-3a85-11f1-960a-02d9778a0d31,Palmetto Hall Plantation Club,13,6
2026-04-17,84eafc90-3a85-11f1-960a-02d9778a0d31,Palmetto Hall Plantation Club,14,4
2026-04-17,84eafc90-3a85-11f1-960a-02d9778a0d31,Palmetto Hall Plantation Club,15,5
2026-04-17,84eafc90-3a85-11f1-960a-02d9778a0d31,Palmetto Hall Plantation Club,16,5
2026-04-17,84eafc90-3a85-11f1-960a-02d9778a0d31,Palmetto Hall Plantation Club,17,5
2026-04-17,84eafc90-3a85-11f1-960a-02d9778a0d31,Palmetto Hall Plantation Club,18,7
2026-05-02,4467ee70-4661-11f1-8361-0606d22ea88b,Campestre de Tijuana,1,7
2026-05-02,4467ee70-4661-11f1-8361-0606d22ea88b,Campestre de Tijuana,2,4
2026-05-02,4467ee70-4661-11f1-8361-0606d22ea88b,Campestre de Tijuana,3,5
2026-05-02,4467ee70-4661-11f1-8361-0606d22ea88b,Campestre de Tijuana,4,5
2026-05-02,4467ee70-4661-11f1-8361-0606d22ea88b,Campestre de Tijuana,5,5
2026-05-02,4467ee70-4661-11f1-8361-0606d22ea88b,Campestre de Tijuana,6,4
2026-05-02,4467ee70-4661-11f1-8361-0606d22ea88b,Campestre de Tijuana,7,5
2026-05-02,4467ee70-4661-11f1-8361-0606d22ea88b,Campestre de Tijuana,8,6
2026-05-02,4467ee70-4661-11f1-8361-0606d22ea88b,Campestre de Tijuana,9,5
2026-05-02,4467ee70-4661-11f1-8361-0606d22ea88b,Campestre de Tijuana,10,4
2026-05-02,4467ee70-4661-11f1-8361-0606d22ea88b,Campestre de Tijuana,11,6
2026-05-02,4467ee70-4661-11f1-8361-0606d22ea88b,Campestre de Tijuana,12,4
2026-05-02,4467ee70-4661-11f1-8361-0606d22ea88b,Campestre de Tijuana,13,5
2026-05-02,4467ee70-4661-11f1-8361-0606d22ea88b,Campestre de Tijuana,14,4
2026-05-02,4467ee70-4661-11f1-8361-0606d22ea88b,Campestre de Tijuana,15,5
2026-05-02,4467ee70-4661-11f1-8361-0606d22ea88b,Campestre de Tijuana,16,6
2026-05-02,4467ee70-4661-11f1-8361-0606d22ea88b,Campestre de Tijuana,17,6
2026-05-02,4467ee70-4661-11f1-8361-0606d22ea88b,Campestre de Tijuana,18,5
2026-05-03,40c98100-471c-11f1-9e09-02d9778a0d31,Campestre de Tijuana,1,6
2026-05-03,40c98100-471c-11f1-9e09-02d9778a0d31,Campestre de Tijuana,2,4
2026-05-03,40c98100-471c-11f1-9e09-02d9778a0d31,Campestre de Tijuana,3,5
2026-05-03,40c98100-471c-11f1-9e09-02d9778a0d31,Campestre de Tijuana,4,5
2026-05-03,40c98100-471c-11f1-9e09-02d9778a0d31,Campestre de Tijuana,5,4
2026-05-03,40c98100-471c-11f1-9e09-02d9778a0d31,Campestre de Tijuana,6,4
2026-05-03,40c98100-471c-11f1-9e09-02d9778a0d31,Campestre de Tijuana,7,6
2026-05-03,40c98100-471c-11f1-9e09-02d9778a0d31,Campestre de Tijuana,8,4
2026-05-03,40c98100-471c-11f1-9e09-02d9778a0d31,Campestre de Tijuana,9,5
2026-05-03,40c98100-471c-11f1-9e09-02d9778a0d31,Campestre de Tijuana,10,6
2026-05-03,40c98100-471c-11f1-9e09-02d9778a0d31,Campestre de Tijuana,11,6
2026-05-03,40c98100-471c-11f1-9e09-02d9778a0d31,Campestre de Tijuana,12,4
2026-05-03,40c98100-471c-11f1-9e09-02d9778a0d31,Campestre de Tijuana,13,6
2026-05-03,40c98100-471c-11f1-9e09-02d9778a0d31,Campestre de Tijuana,14,6
2026-05-03,40c98100-471c-11f1-9e09-02d9778a0d31,Campestre de Tijuana,15,5
2026-05-03,40c98100-471c-11f1-9e09-02d9778a0d31,Campestre de Tijuana,16,5
2026-05-03,40c98100-471c-11f1-9e09-02d9778a0d31,Campestre de Tijuana,17,5
2026-05-03,40c98100-471c-11f1-9e09-02d9778a0d31,Campestre de Tijuana,18,4
2026-05-08,436545f0-4b0b-11f1-a047-0606d22ea88b,Enagic at Eastlake,1,6
2026-05-08,436545f0-4b0b-11f1-a047-0606d22ea88b,Enagic at Eastlake,2,4
2026-05-08,436545f0-4b0b-11f1-a047-0606d22ea88b,Enagic at Eastlake,3,5
2026-05-08,436545f0-4b0b-11f1-a047-0606d22ea88b,Enagic at Eastlake,4,3
2026-05-08,436545f0-4b0b-11f1-a047-0606d22ea88b,Enagic at Eastlake,5,7
2026-05-08,436545f0-4b0b-11f1-a047-0606d22ea88b,Enagic at Eastlake,6,5
2026-05-08,436545f0-4b0b-11f1-a047-0606d22ea88b,Enagic at Eastlake,7,4
2026-05-08,436545f0-4b0b-11f1-a047-0606d22ea88b,Enagic at Eastlake,8,5
2026-05-08,436545f0-4b0b-11f1-a047-0606d22ea88b,Enagic at Eastlake,9,5
2026-05-08,436545f0-4b0b-11f1-a047-0606d22ea88b,Enagic at Eastlake,10,5
2026-05-08,436545f0-4b0b-11f1-a047-0606d22ea88b,Enagic at Eastlake,11,4
2026-05-08,436545f0-4b0b-11f1-a047-0606d22ea88b,Enagic at Eastlake,12,4
2026-05-08,436545f0-4b0b-11f1-a047-0606d22ea88b,Enagic at Eastlake,13,4
2026-05-08,436545f0-4b0b-11f1-a047-0606d22ea88b,Enagic at Eastlake,14,5
2026-05-08,436545f0-4b0b-11f1-a047-0606d22ea88b,Enagic at Eastlake,15,5
2026-05-08,436545f0-4b0b-11f1-a047-0606d22ea88b,Enagic at Eastlake,16,3
2026-05-08,436545f0-4b0b-11f1-a047-0606d22ea88b,Enagic at Eastlake,17,5
2026-05-08,436545f0-4b0b-11f1-a047-0606d22ea88b,Enagic at Eastlake,18,5
2026-05-08,e4a57ec0-4a7b-11f1-bb31-068d11321665,National City,1,4
2026-05-08,e4a57ec0-4a7b-11f1-bb31-068d11321665,National City,2,5
2026-05-08,e4a57ec0-4a7b-11f1-bb31-068d11321665,National City,3,4
2026-05-08,e4a57ec0-4a7b-11f1-bb31-068d11321665,National City,4,4
2026-05-08,e4a57ec0-4a7b-11f1-bb31-068d11321665,National City,5,4
2026-05-08,e4a57ec0-4a7b-11f1-bb31-068d11321665,National City,6,4
2026-05-08,e4a57ec0-4a7b-11f1-bb31-068d11321665,National City,7,4
2026-05-08,e4a57ec0-4a7b-11f1-bb31-068d11321665,National City,8,5
2026-05-08,e4a57ec0-4a7b-11f1-bb31-068d11321665,National City,9,4
2026-05-12,9d9d9950-4e44-11f1-a2ee-0a13f7eef7bd,Twin Oaks Golf Course,1,5
2026-05-12,9d9d9950-4e44-11f1-a2ee-0a13f7eef7bd,Twin Oaks Golf Course,2,5
2026-05-12,9d9d9950-4e44-11f1-a2ee-0a13f7eef7bd,Twin Oaks Golf Course,3,3
2026-05-12,9d9d9950-4e44-11f1-a2ee-0a13f7eef7bd,Twin Oaks Golf Course,4,4
2026-05-12,9d9d9950-4e44-11f1-a2ee-0a13f7eef7bd,Twin Oaks Golf Course,5,9
2026-05-12,9d9d9950-4e44-11f1-a2ee-0a13f7eef7bd,Twin Oaks Golf Course,6,5
2026-05-12,9d9d9950-4e44-11f1-a2ee-0a13f7eef7bd,Twin Oaks Golf Course,7,5
2026-05-12,9d9d9950-4e44-11f1-a2ee-0a13f7eef7bd,Twin Oaks Golf Course,8,4
2026-05-12,9d9d9950-4e44-11f1-a2ee-0a13f7eef7bd,Twin Oaks Golf Course,9,4
2026-05-12,9d9d9950-4e44-11f1-a2ee-0a13f7eef7bd,Twin Oaks Golf Course,10,3
2026-05-12,9d9d9950-4e44-11f1-a2ee-0a13f7eef7bd,Twin Oaks Golf Course,11,5
2026-05-12,9d9d9950-4e44-11f1-a2ee-0a13f7eef7bd,Twin Oaks Golf Course,12,5
2026-05-12,9d9d9950-4e44-11f1-a2ee-0a13f7eef7bd,Twin Oaks Golf Course,13,4
2026-05-12,9d9d9950-4e44-11f1-a2ee-0a13f7eef7bd,Twin Oaks Golf Course,14,5
2026-05-12,9d9d9950-4e44-11f1-a2ee-0a13f7eef7bd,Twin Oaks Golf Course,15,4
2026-05-12,9d9d9950-4e44-11f1-a2ee-0a13f7eef7bd,Twin Oaks Golf Course,16,6
2026-05-12,9d9d9950-4e44-11f1-a2ee-0a13f7eef7bd,Twin Oaks Golf Course,17,3
2026-05-12,9d9d9950-4e44-11f1-a2ee-0a13f7eef7bd,Twin Oaks Golf Course,18,6
2026-05-14,79b4ac50-4fd8-11f1-8c48-06aa16f34bd3,Campestre de Tijuana,1,5
2026-05-14,79b4ac50-4fd8-11f1-8c48-06aa16f34bd3,Campestre de Tijuana,2,5
2026-05-14,79b4ac50-4fd8-11f1-8c48-06aa16f34bd3,Campestre de Tijuana,3,4
2026-05-14,79b4ac50-4fd8-11f1-8c48-06aa16f34bd3,Campestre de Tijuana,4,4
2026-05-14,79b4ac50-4fd8-11f1-8c48-06aa16f34bd3,Campestre de Tijuana,5,4
2026-05-14,79b4ac50-4fd8-11f1-8c48-06aa16f34bd3,Campestre de Tijuana,6,6
2026-05-14,79b4ac50-4fd8-11f1-8c48-06aa16f34bd3,Campestre de Tijuana,7,5
2026-05-14,79b4ac50-4fd8-11f1-8c48-06aa16f34bd3,Campestre de Tijuana,8,6
2026-05-14,79b4ac50-4fd8-11f1-8c48-06aa16f34bd3,Campestre de Tijuana,9,5
2026-05-15,ddb9b240-50a0-11f1-9419-026cea355d3f,Campestre de Tijuana,1,6
2026-05-15,ddb9b240-50a0-11f1-9419-026cea355d3f,Campestre de Tijuana,2,4
2026-05-15,ddb9b240-50a0-11f1-9419-026cea355d3f,Campestre de Tijuana,3,5
2026-05-15,ddb9b240-50a0-11f1-9419-026cea355d3f,Campestre de Tijuana,4,4
2026-05-15,ddb9b240-50a0-11f1-9419-026cea355d3f,Campestre de Tijuana,5,4
2026-05-15,ddb9b240-50a0-11f1-9419-026cea355d3f,Campestre de Tijuana,6,3
2026-05-15,ddb9b240-50a0-11f1-9419-026cea355d3f,Campestre de Tijuana,7,5
2026-05-15,ddb9b240-50a0-11f1-9419-026cea355d3f,Campestre de Tijuana,8,5
2026-05-15,ddb9b240-50a0-11f1-9419-026cea355d3f,Campestre de Tijuana,9,5
2026-05-15,ddb9b240-50a0-11f1-9419-026cea355d3f,Campestre de Tijuana,10,5
2026-05-15,ddb9b240-50a0-11f1-9419-026cea355d3f,Campestre de Tijuana,11,4
2026-05-15,ddb9b240-50a0-11f1-9419-026cea355d3f,Campestre de Tijuana,12,4
2026-05-15,ddb9b240-50a0-11f1-9419-026cea355d3f,Campestre de Tijuana,13,6
2026-05-15,ddb9b240-50a0-11f1-9419-026cea355d3f,Campestre de Tijuana,14,5
2026-05-15,ddb9b240-50a0-11f1-9419-026cea355d3f,Campestre de Tijuana,15,4
2026-05-15,ddb9b240-50a0-11f1-9419-026cea355d3f,Campestre de Tijuana,16,5
2026-05-15,ddb9b240-50a0-11f1-9419-026cea355d3f,Campestre de Tijuana,17,7
2026-05-15,ddb9b240-50a0-11f1-9419-026cea355d3f,Campestre de Tijuana,18,4
2026-05-16,223ea080-5171-11f1-8bbf-0a13f7eef7bd,Enagic at Eastlake,1,4
2026-05-16,223ea080-5171-11f1-8bbf-0a13f7eef7bd,Enagic at Eastlake,2,6
2026-05-16,223ea080-5171-11f1-8bbf-0a13f7eef7bd,Enagic at Eastlake,3,4
2026-05-16,223ea080-5171-11f1-8bbf-0a13f7eef7bd,Enagic at Eastlake,4,3
2026-05-16,223ea080-5171-11f1-8bbf-0a13f7eef7bd,Enagic at Eastlake,5,5
2026-05-16,223ea080-5171-11f1-8bbf-0a13f7eef7bd,Enagic at Eastlake,6,6
2026-05-16,223ea080-5171-11f1-8bbf-0a13f7eef7bd,Enagic at Eastlake,7,4
2026-05-16,223ea080-5171-11f1-8bbf-0a13f7eef7bd,Enagic at Eastlake,8,7
2026-05-16,223ea080-5171-11f1-8bbf-0a13f7eef7bd,Enagic at Eastlake,9,5
2026-05-16,223ea080-5171-11f1-8bbf-0a13f7eef7bd,Enagic at Eastlake,10,4
2026-05-16,223ea080-5171-11f1-8bbf-0a13f7eef7bd,Enagic at Eastlake,11,4
2026-05-16,223ea080-5171-11f1-8bbf-0a13f7eef7bd,Enagic at Eastlake,12,4
2026-05-16,223ea080-5171-11f1-8bbf-0a13f7eef7bd,Enagic at Eastlake,13,4
2026-05-16,223ea080-5171-11f1-8bbf-0a13f7eef7bd,Enagic at Eastlake,14,5
2026-05-16,223ea080-5171-11f1-8bbf-0a13f7eef7bd,Enagic at Eastlake,15,5
2026-05-16,223ea080-5171-11f1-8bbf-0a13f7eef7bd,Enagic at Eastlake,16,4
2026-05-16,223ea080-5171-11f1-8bbf-0a13f7eef7bd,Enagic at Eastlake,17,5
2026-05-16,223ea080-5171-11f1-8bbf-0a13f7eef7bd,Enagic at Eastlake,18,5
2026-05-17,fc30a2c0-5216-11f1-9419-026cea355d3f,Campestre de Tijuana,1,6
2026-05-17,fc30a2c0-5216-11f1-9419-026cea355d3f,Campestre de Tijuana,2,3
2026-05-17,fc30a2c0-5216-11f1-9419-026cea355d3f,Campestre de Tijuana,3,6
2026-05-17,fc30a2c0-5216-11f1-9419-026cea355d3f,Campestre de Tijuana,4,4
2026-05-17,fc30a2c0-5216-11f1-9419-026cea355d3f,Campestre de Tijuana,5,6
2026-05-17,fc30a2c0-5216-11f1-9419-026cea355d3f,Campestre de Tijuana,6,4
2026-05-17,fc30a2c0-5216-11f1-9419-026cea355d3f,Campestre de Tijuana,7,4
2026-05-17,fc30a2c0-5216-11f1-9419-026cea355d3f,Campestre de Tijuana,8,5
2026-05-17,fc30a2c0-5216-11f1-9419-026cea355d3f,Campestre de Tijuana,9,6
2026-05-17,fc30a2c0-5216-11f1-9419-026cea355d3f,Campestre de Tijuana,10,6
2026-05-17,fc30a2c0-5216-11f1-9419-026cea355d3f,Campestre de Tijuana,11,4
2026-05-17,fc30a2c0-5216-11f1-9419-026cea355d3f,Campestre de Tijuana,12,2
2026-05-17,fc30a2c0-5216-11f1-9419-026cea355d3f,Campestre de Tijuana,13,5
2026-05-17,fc30a2c0-5216-11f1-9419-026cea355d3f,Campestre de Tijuana,14,5
2026-05-17,fc30a2c0-5216-11f1-9419-026cea355d3f,Campestre de Tijuana,15,5
2026-05-17,fc30a2c0-5216-11f1-9419-026cea355d3f,Campestre de Tijuana,16,6
2026-05-17,fc30a2c0-5216-11f1-9419-026cea355d3f,Campestre de Tijuana,17,6
2026-05-17,fc30a2c0-5216-11f1-9419-026cea355d3f,Campestre de Tijuana,18,4
2026-05-23,04643ec0-56f9-11f1-b319-026cea355d3f,Enagic at Eastlake,1,4
2026-05-23,04643ec0-56f9-11f1-b319-026cea355d3f,Enagic at Eastlake,2,6
2026-05-23,04643ec0-56f9-11f1-b319-026cea355d3f,Enagic at Eastlake,3,5
2026-05-23,04643ec0-56f9-11f1-b319-026cea355d3f,Enagic at Eastlake,4,5
2026-05-23,04643ec0-56f9-11f1-b319-026cea355d3f,Enagic at Eastlake,5,6
2026-05-23,04643ec0-56f9-11f1-b319-026cea355d3f,Enagic at Eastlake,6,5
2026-05-23,04643ec0-56f9-11f1-b319-026cea355d3f,Enagic at Eastlake,7,4
2026-05-23,04643ec0-56f9-11f1-b319-026cea355d3f,Enagic at Eastlake,8,4
2026-05-23,04643ec0-56f9-11f1-b319-026cea355d3f,Enagic at Eastlake,9,6
2026-05-23,04643ec0-56f9-11f1-b319-026cea355d3f,Enagic at Eastlake,10,5
2026-05-23,04643ec0-56f9-11f1-b319-026cea355d3f,Enagic at Eastlake,11,5
2026-05-23,04643ec0-56f9-11f1-b319-026cea355d3f,Enagic at Eastlake,12,4
2026-05-23,04643ec0-56f9-11f1-b319-026cea355d3f,Enagic at Eastlake,13,4
2026-05-23,04643ec0-56f9-11f1-b319-026cea355d3f,Enagic at Eastlake,14,6
2026-05-23,04643ec0-56f9-11f1-b319-026cea355d3f,Enagic at Eastlake,15,5
2026-05-23,04643ec0-56f9-11f1-b319-026cea355d3f,Enagic at Eastlake,16,7
2026-05-23,04643ec0-56f9-11f1-b319-026cea355d3f,Enagic at Eastlake,17,5
2026-05-23,04643ec0-56f9-11f1-b319-026cea355d3f,Enagic at Eastlake,18,5
2026-05-23,5f3cc340-56d0-11f1-b319-026cea355d3f,Enagic at Eastlake,1,4
2026-05-23,5f3cc340-56d0-11f1-b319-026cea355d3f,Enagic at Eastlake,2,4
2026-05-23,5f3cc340-56d0-11f1-b319-026cea355d3f,Enagic at Eastlake,3,5
2026-05-23,5f3cc340-56d0-11f1-b319-026cea355d3f,Enagic at Eastlake,4,5
2026-05-23,5f3cc340-56d0-11f1-b319-026cea355d3f,Enagic at Eastlake,5,5
2026-05-23,5f3cc340-56d0-11f1-b319-026cea355d3f,Enagic at Eastlake,6,5
2026-05-23,5f3cc340-56d0-11f1-b319-026cea355d3f,Enagic at Eastlake,7,3
2026-05-23,5f3cc340-56d0-11f1-b319-026cea355d3f,Enagic at Eastlake,8,5
2026-05-23,5f3cc340-56d0-11f1-b319-026cea355d3f,Enagic at Eastlake,9,8
2026-05-23,5f3cc340-56d0-11f1-b319-026cea355d3f,Enagic at Eastlake,10,6
2026-05-23,5f3cc340-56d0-11f1-b319-026cea355d3f,Enagic at Eastlake,11,5
2026-05-23,5f3cc340-56d0-11f1-b319-026cea355d3f,Enagic at Eastlake,12,5
2026-05-23,5f3cc340-56d0-11f1-b319-026cea355d3f,Enagic at Eastlake,13,6
2026-05-23,5f3cc340-56d0-11f1-b319-026cea355d3f,Enagic at Eastlake,14,6
2026-05-23,5f3cc340-56d0-11f1-b319-026cea355d3f,Enagic at Eastlake,15,5
2026-05-23,5f3cc340-56d0-11f1-b319-026cea355d3f,Enagic at Eastlake,16,4
2026-05-23,5f3cc340-56d0-11f1-b319-026cea355d3f,Enagic at Eastlake,17,3
2026-05-23,5f3cc340-56d0-11f1-b319-026cea355d3f,Enagic at Eastlake,18,5
2026-05-26,3380c560-5957-11f1-81fa-068d11321665,Enagic at Eastlake,1,5
2026-05-26,3380c560-5957-11f1-81fa-068d11321665,Enagic at Eastlake,2,6
2026-05-26,3380c560-5957-11f1-81fa-068d11321665,Enagic at Eastlake,3,5
2026-05-26,3380c560-5957-11f1-81fa-068d11321665,Enagic at Eastlake,4,6
2026-05-26,3380c560-5957-11f1-81fa-068d11321665,Enagic at Eastlake,5,6
2026-05-26,3380c560-5957-11f1-81fa-068d11321665,Enagic at Eastlake,6,5
2026-05-26,3380c560-5957-11f1-81fa-068d11321665,Enagic at Eastlake,7,3
2026-05-26,3380c560-5957-11f1-81fa-068d11321665,Enagic at Eastlake,8,7
2026-05-26,3380c560-5957-11f1-81fa-068d11321665,Enagic at Eastlake,9,6
2026-05-26,b2bd2bf0-594a-11f1-81fa-068d11321665,Enagic at Eastlake,1,5
2026-05-26,b2bd2bf0-594a-11f1-81fa-068d11321665,Enagic at Eastlake,2,5
2026-05-26,b2bd2bf0-594a-11f1-81fa-068d11321665,Enagic at Eastlake,3,5
2026-05-26,b2bd2bf0-594a-11f1-81fa-068d11321665,Enagic at Eastlake,4,5
2026-05-26,b2bd2bf0-594a-11f1-81fa-068d11321665,Enagic at Eastlake,5,5
2026-05-26,b2bd2bf0-594a-11f1-81fa-068d11321665,Enagic at Eastlake,6,5
2026-05-26,b2bd2bf0-594a-11f1-81fa-068d11321665,Enagic at Eastlake,7,3
2026-05-26,b2bd2bf0-594a-11f1-81fa-068d11321665,Enagic at Eastlake,8,5
2026-05-26,b2bd2bf0-594a-11f1-81fa-068d11321665,Enagic at Eastlake,9,4
2026-05-28,1ea151f0-5ae7-11f1-ac0b-0a13f7eef7bd,Enagic at Eastlake,1,3
2026-05-28,1ea151f0-5ae7-11f1-ac0b-0a13f7eef7bd,Enagic at Eastlake,2,5
2026-05-28,1ea151f0-5ae7-11f1-ac0b-0a13f7eef7bd,Enagic at Eastlake,3,4
2026-05-28,1ea151f0-5ae7-11f1-ac0b-0a13f7eef7bd,Enagic at Eastlake,4,2
2026-05-28,1ea151f0-5ae7-11f1-ac0b-0a13f7eef7bd,Enagic at Eastlake,5,6
2026-05-28,1ea151f0-5ae7-11f1-ac0b-0a13f7eef7bd,Enagic at Eastlake,6,4
2026-05-28,1ea151f0-5ae7-11f1-ac0b-0a13f7eef7bd,Enagic at Eastlake,7,3
2026-05-28,1ea151f0-5ae7-11f1-ac0b-0a13f7eef7bd,Enagic at Eastlake,8,4
2026-05-28,1ea151f0-5ae7-11f1-ac0b-0a13f7eef7bd,Enagic at Eastlake,9,5
2026-05-28,1ea151f0-5ae7-11f1-ac0b-0a13f7eef7bd,Enagic at Eastlake,10,5
2026-05-28,1ea151f0-5ae7-11f1-ac0b-0a13f7eef7bd,Enagic at Eastlake,11,4
2026-05-28,1ea151f0-5ae7-11f1-ac0b-0a13f7eef7bd,Enagic at Eastlake,12,4
2026-05-28,1ea151f0-5ae7-11f1-ac0b-0a13f7eef7bd,Enagic at Eastlake,13,5
2026-05-28,1ea151f0-5ae7-11f1-ac0b-0a13f7eef7bd,Enagic at Eastlake,14,6
2026-05-28,1ea151f0-5ae7-11f1-ac0b-0a13f7eef7bd,Enagic at Eastlake,15,6
2026-05-28,1ea151f0-5ae7-11f1-ac0b-0a13f7eef7bd,Enagic at Eastlake,16,6
2026-05-28,1ea151f0-5ae7-11f1-ac0b-0a13f7eef7bd,Enagic at Eastlake,17,3
2026-05-28,1ea151f0-5ae7-11f1-ac0b-0a13f7eef7bd,Enagic at Eastlake,18,4
2026-05-30,af032000-5c51-11f1-98b6-0606d22ea88b,Balboa Park,1,5
2026-05-30,af032000-5c51-11f1-98b6-0606d22ea88b,Balboa Park,2,4
2026-05-30,af032000-5c51-11f1-98b6-0606d22ea88b,Balboa Park,3,6
2026-05-30,af032000-5c51-11f1-98b6-0606d22ea88b,Balboa Park,4,6
2026-05-30,af032000-5c51-11f1-98b6-0606d22ea88b,Balboa Park,5,5
2026-05-30,af032000-5c51-11f1-98b6-0606d22ea88b,Balboa Park,6,3
2026-05-30,af032000-5c51-11f1-98b6-0606d22ea88b,Balboa Park,7,4
2026-05-30,af032000-5c51-11f1-98b6-0606d22ea88b,Balboa Park,8,4
2026-05-30,af032000-5c51-11f1-98b6-0606d22ea88b,Balboa Park,9,4
2026-05-30,ea8c9700-5c74-11f1-98b6-0606d22ea88b,Coronado Golf Course,1,5
2026-05-30,ea8c9700-5c74-11f1-98b6-0606d22ea88b,Coronado Golf Course,2,5
2026-05-30,ea8c9700-5c74-11f1-98b6-0606d22ea88b,Coronado Golf Course,3,6
2026-05-30,ea8c9700-5c74-11f1-98b6-0606d22ea88b,Coronado Golf Course,4,5
2026-05-30,ea8c9700-5c74-11f1-98b6-0606d22ea88b,Coronado Golf Course,5,3
2026-05-30,ea8c9700-5c74-11f1-98b6-0606d22ea88b,Coronado Golf Course,6,3
2026-05-30,ea8c9700-5c74-11f1-98b6-0606d22ea88b,Coronado Golf Course,7,5
2026-05-30,ea8c9700-5c74-11f1-98b6-0606d22ea88b,Coronado Golf Course,8,5
2026-05-30,ea8c9700-5c74-11f1-98b6-0606d22ea88b,Coronado Golf Course,9,3
2026-05-30,ea8c9700-5c74-11f1-98b6-0606d22ea88b,Coronado Golf Course,10,4
2026-05-30,ea8c9700-5c74-11f1-98b6-0606d22ea88b,Coronado Golf Course,11,4
2026-05-30,ea8c9700-5c74-11f1-98b6-0606d22ea88b,Coronado Golf Course,12,4
2026-05-30,ea8c9700-5c74-11f1-98b6-0606d22ea88b,Coronado Golf Course,13,6
2026-05-30,ea8c9700-5c74-11f1-98b6-0606d22ea88b,Coronado Golf Course,14,4
2026-05-30,ea8c9700-5c74-11f1-98b6-0606d22ea88b,Coronado Golf Course,15,4
2026-05-30,ea8c9700-5c74-11f1-98b6-0606d22ea88b,Coronado Golf Course,16,6
2026-05-30,ea8c9700-5c74-11f1-98b6-0606d22ea88b,Coronado Golf Course,17,6
2026-05-30,ea8c9700-5c74-11f1-98b6-0606d22ea88b,Coronado Golf Course,18,7
2026-06-05,b7a70070-6127-11f1-80d8-026cea355d3f,Enagic at Eastlake,1,6
2026-06-05,b7a70070-6127-11f1-80d8-026cea355d3f,Enagic at Eastlake,2,5
2026-06-05,b7a70070-6127-11f1-80d8-026cea355d3f,Enagic at Eastlake,3,4
2026-06-05,b7a70070-6127-11f1-80d8-026cea355d3f,Enagic at Eastlake,4,3
2026-06-05,b7a70070-6127-11f1-80d8-026cea355d3f,Enagic at Eastlake,5,6
2026-06-05,b7a70070-6127-11f1-80d8-026cea355d3f,Enagic at Eastlake,6,6
2026-06-05,b7a70070-6127-11f1-80d8-026cea355d3f,Enagic at Eastlake,7,3
2026-06-05,b7a70070-6127-11f1-80d8-026cea355d3f,Enagic at Eastlake,8,5
2026-06-05,b7a70070-6127-11f1-80d8-026cea355d3f,Enagic at Eastlake,9,6
2026-06-05,b7a70070-6127-11f1-80d8-026cea355d3f,Enagic at Eastlake,10,6
2026-06-05,b7a70070-6127-11f1-80d8-026cea355d3f,Enagic at Eastlake,11,5
2026-06-05,b7a70070-6127-11f1-80d8-026cea355d3f,Enagic at Eastlake,12,3
2026-06-05,b7a70070-6127-11f1-80d8-026cea355d3f,Enagic at Eastlake,13,5
2026-06-05,b7a70070-6127-11f1-80d8-026cea355d3f,Enagic at Eastlake,14,8
2026-06-05,b7a70070-6127-11f1-80d8-026cea355d3f,Enagic at Eastlake,15,5
2026-06-05,b7a70070-6127-11f1-80d8-026cea355d3f,Enagic at Eastlake,16,6
2026-06-05,b7a70070-6127-11f1-80d8-026cea355d3f,Enagic at Eastlake,17,4
2026-06-05,b7a70070-6127-11f1-80d8-026cea355d3f,Enagic at Eastlake,18,5
2026-06-06,6e238631-61db-11f1-aca5-02d9778a0d31,Torrey Pines North,1,4
2026-06-06,6e238631-61db-11f1-aca5-02d9778a0d31,Torrey Pines North,2,6
2026-06-06,6e238631-61db-11f1-aca5-02d9778a0d31,Torrey Pines North,3,4
2026-06-06,6e238631-61db-11f1-aca5-02d9778a0d31,Torrey Pines North,4,5
2026-06-06,6e238631-61db-11f1-aca5-02d9778a0d31,Torrey Pines North,5,6
2026-06-06,6e238631-61db-11f1-aca5-02d9778a0d31,Torrey Pines North,6,5
2026-06-06,6e238631-61db-11f1-aca5-02d9778a0d31,Torrey Pines North,7,4
2026-06-06,6e238631-61db-11f1-aca5-02d9778a0d31,Torrey Pines North,8,2
2026-06-06,6e238631-61db-11f1-aca5-02d9778a0d31,Torrey Pines North,9,4
2026-06-06,6e238631-61db-11f1-aca5-02d9778a0d31,Torrey Pines North,10,6
2026-06-06,6e238631-61db-11f1-aca5-02d9778a0d31,Torrey Pines North,11,4
2026-06-06,6e238631-61db-11f1-aca5-02d9778a0d31,Torrey Pines North,12,4
2026-06-06,6e238631-61db-11f1-aca5-02d9778a0d31,Torrey Pines North,13,5
2026-06-06,6e238631-61db-11f1-aca5-02d9778a0d31,Torrey Pines North,14,4
2026-06-06,6e238631-61db-11f1-aca5-02d9778a0d31,Torrey Pines North,15,6
2026-06-06,6e238631-61db-11f1-aca5-02d9778a0d31,Torrey Pines North,16,5
2026-06-06,6e238631-61db-11f1-aca5-02d9778a0d31,Torrey Pines North,17,5
2026-06-06,6e238631-61db-11f1-aca5-02d9778a0d31,Torrey Pines North,18,5
2026-06-07,59f1c5f0-620d-11f1-aca5-02d9778a0d31,Torrey Pines North,1,5
2026-06-07,59f1c5f0-620d-11f1-aca5-02d9778a0d31,Torrey Pines North,2,5
2026-06-07,59f1c5f0-620d-11f1-aca5-02d9778a0d31,Torrey Pines North,3,4
2026-06-07,59f1c5f0-620d-11f1-aca5-02d9778a0d31,Torrey Pines North,4,6
2026-06-07,59f1c5f0-620d-11f1-aca5-02d9778a0d31,Torrey Pines North,5,5
2026-06-07,59f1c5f0-620d-11f1-aca5-02d9778a0d31,Torrey Pines North,6,5
2026-06-07,59f1c5f0-620d-11f1-aca5-02d9778a0d31,Torrey Pines North,7,5
2026-06-07,59f1c5f0-620d-11f1-aca5-02d9778a0d31,Torrey Pines North,8,4
2026-06-07,59f1c5f0-620d-11f1-aca5-02d9778a0d31,Torrey Pines North,9,4
2026-06-14,f307ab41-6804-11f1-af89-02d9778a0d31,Enagic at Eastlake,1,4
2026-06-14,f307ab41-6804-11f1-af89-02d9778a0d31,Enagic at Eastlake,2,4
2026-06-14,f307ab41-6804-11f1-af89-02d9778a0d31,Enagic at Eastlake,3,6
2026-06-14,f307ab41-6804-11f1-af89-02d9778a0d31,Enagic at Eastlake,4,3
2026-06-14,f307ab41-6804-11f1-af89-02d9778a0d31,Enagic at Eastlake,5,6
2026-06-14,f307ab41-6804-11f1-af89-02d9778a0d31,Enagic at Eastlake,6,6
2026-06-14,f307ab41-6804-11f1-af89-02d9778a0d31,Enagic at Eastlake,7,4
2026-06-14,f307ab41-6804-11f1-af89-02d9778a0d31,Enagic at Eastlake,8,5
2026-06-14,f307ab41-6804-11f1-af89-02d9778a0d31,Enagic at Eastlake,9,6
2026-06-14,f307ab41-6804-11f1-af89-02d9778a0d31,Enagic at Eastlake,10,5
2026-06-14,f307ab41-6804-11f1-af89-02d9778a0d31,Enagic at Eastlake,11,5
2026-06-14,f307ab41-6804-11f1-af89-02d9778a0d31,Enagic at Eastlake,12,4
2026-06-14,f307ab41-6804-11f1-af89-02d9778a0d31,Enagic at Eastlake,13,4
2026-06-14,f307ab41-6804-11f1-af89-02d9778a0d31,Enagic at Eastlake,14,5
2026-06-14,f307ab41-6804-11f1-af89-02d9778a0d31,Enagic at Eastlake,15,5
2026-06-14,f307ab41-6804-11f1-af89-02d9778a0d31,Enagic at Eastlake,16,6
2026-06-14,f307ab41-6804-11f1-af89-02d9778a0d31,Enagic at Eastlake,17,3
2026-06-14,f307ab41-6804-11f1-af89-02d9778a0d31,Enagic at Eastlake,18,5
2026-07-08,b42b1fa0-7acf-11f1-b7a1-02d9778a0d31,Costa Navarino,1,6
2026-07-08,b42b1fa0-7acf-11f1-b7a1-02d9778a0d31,Costa Navarino,2,6
2026-07-08,b42b1fa0-7acf-11f1-b7a1-02d9778a0d31,Costa Navarino,3,5
2026-07-08,b42b1fa0-7acf-11f1-b7a1-02d9778a0d31,Costa Navarino,4,7
2026-07-08,b42b1fa0-7acf-11f1-b7a1-02d9778a0d31,Costa Navarino,5,4
2026-07-08,b42b1fa0-7acf-11f1-b7a1-02d9778a0d31,Costa Navarino,6,5
2026-07-08,b42b1fa0-7acf-11f1-b7a1-02d9778a0d31,Costa Navarino,7,6
2026-07-08,b42b1fa0-7acf-11f1-b7a1-02d9778a0d31,Costa Navarino,8,4
2026-07-08,b42b1fa0-7acf-11f1-b7a1-02d9778a0d31,Costa Navarino,9,8
2026-07-08,b42b1fa0-7acf-11f1-b7a1-02d9778a0d31,Costa Navarino,10,4
2026-07-08,b42b1fa0-7acf-11f1-b7a1-02d9778a0d31,Costa Navarino,11,4
2026-07-08,b42b1fa0-7acf-11f1-b7a1-02d9778a0d31,Costa Navarino,12,6
2026-07-08,b42b1fa0-7acf-11f1-b7a1-02d9778a0d31,Costa Navarino,13,6
2026-07-08,b42b1fa0-7acf-11f1-b7a1-02d9778a0d31,Costa Navarino,14,4
2026-07-08,b42b1fa0-7acf-11f1-b7a1-02d9778a0d31,Costa Navarino,15,6
2026-07-08,b42b1fa0-7acf-11f1-b7a1-02d9778a0d31,Costa Navarino,16,6
2026-07-08,b42b1fa0-7acf-11f1-b7a1-02d9778a0d31,Costa Navarino,17,5
2026-07-08,b42b1fa0-7acf-11f1-b7a1-02d9778a0d31,Costa Navarino,18,6
2026-07-24,d14b4ab0-8772-11f1-95d9-0a676d1aa88b,Miami Beach Golf Club,1,6
2026-07-24,d14b4ab0-8772-11f1-95d9-0a676d1aa88b,Miami Beach Golf Club,2,5
2026-07-24,d14b4ab0-8772-11f1-95d9-0a676d1aa88b,Miami Beach Golf Club,3,4
2026-07-24,d14b4ab0-8772-11f1-95d9-0a676d1aa88b,Miami Beach Golf Club,4,6
2026-07-24,d14b4ab0-8772-11f1-95d9-0a676d1aa88b,Miami Beach Golf Club,5,4
2026-07-24,d14b4ab0-8772-11f1-95d9-0a676d1aa88b,Miami Beach Golf Club,6,4
2026-07-24,d14b4ab0-8772-11f1-95d9-0a676d1aa88b,Miami Beach Golf Club,7,6
2026-07-24,d14b4ab0-8772-11f1-95d9-0a676d1aa88b,Miami Beach Golf Club,8,4
2026-07-24,d14b4ab0-8772-11f1-95d9-0a676d1aa88b,Miami Beach Golf Club,9,5
2026-07-24,d14b4ab0-8772-11f1-95d9-0a676d1aa88b,Miami Beach Golf Club,10,6
2026-07-24,d14b4ab0-8772-11f1-95d9-0a676d1aa88b,Miami Beach Golf Club,11,7
2026-07-24,d14b4ab0-8772-11f1-95d9-0a676d1aa88b,Miami Beach Golf Club,12,6
2026-07-24,d14b4ab0-8772-11f1-95d9-0a676d1aa88b,Miami Beach Golf Club,13,5
2026-07-24,d14b4ab0-8772-11f1-95d9-0a676d1aa88b,Miami Beach Golf Club,14,4
2026-07-24,d14b4ab0-8772-11f1-95d9-0a676d1aa88b,Miami Beach Golf Club,15,7
2026-07-24,d14b4ab0-8772-11f1-95d9-0a676d1aa88b,Miami Beach Golf Club,16,5
2026-07-24,d14b4ab0-8772-11f1-95d9-0a676d1aa88b,Miami Beach Golf Club,17,4
2026-07-24,d14b4ab0-8772-11f1-95d9-0a676d1aa88b,Miami Beach Golf Club,18,5
2026-07-31,e983fb11-8d10-11f1-aa44-0a676d1aa88b,Enagic at Eastlake,1,4
2026-07-31,e983fb11-8d10-11f1-aa44-0a676d1aa88b,Enagic at Eastlake,2,5
2026-07-31,e983fb11-8d10-11f1-aa44-0a676d1aa88b,Enagic at Eastlake,3,3
2026-07-31,e983fb11-8d10-11f1-aa44-0a676d1aa88b,Enagic at Eastlake,4,3
2026-07-31,e983fb11-8d10-11f1-aa44-0a676d1aa88b,Enagic at Eastlake,5,7
2026-07-31,e983fb11-8d10-11f1-aa44-0a676d1aa88b,Enagic at Eastlake,6,6
2026-07-31,e983fb11-8d10-11f1-aa44-0a676d1aa88b,Enagic at Eastlake,7,4
2026-07-31,e983fb11-8d10-11f1-aa44-0a676d1aa88b,Enagic at Eastlake,8,6
2026-07-31,e983fb11-8d10-11f1-aa44-0a676d1aa88b,Enagic at Eastlake,9,4
2026-07-31,e983fb11-8d10-11f1-aa44-0a676d1aa88b,Enagic at Eastlake,10,4
2026-07-31,e983fb11-8d10-11f1-aa44-0a676d1aa88b,Enagic at Eastlake,11,5
2026-07-31,e983fb11-8d10-11f1-aa44-0a676d1aa88b,Enagic at Eastlake,12,5
2026-07-31,e983fb11-8d10-11f1-aa44-0a676d1aa88b,Enagic at Eastlake,13,4
2026-07-31,e983fb11-8d10-11f1-aa44-0a676d1aa88b,Enagic at Eastlake,14,5
2026-07-31,e983fb11-8d10-11f1-aa44-0a676d1aa88b,Enagic at Eastlake,15,4
2026-07-31,e983fb11-8d10-11f1-aa44-0a676d1aa88b,Enagic at Eastlake,16,4
2026-07-31,e983fb11-8d10-11f1-aa44-0a676d1aa88b,Enagic at Eastlake,17,3
2026-07-31,e983fb11-8d10-11f1-aa44-0a676d1aa88b,Enagic at Eastlake,18,5
2026-08-01,13eca211-8db8-11f1-aa44-0a676d1aa88b,Enagic at Eastlake,1,4
2026-08-01,13eca211-8db8-11f1-aa44-0a676d1aa88b,Enagic at Eastlake,2,4
2026-08-01,13eca211-8db8-11f1-aa44-0a676d1aa88b,Enagic at Eastlake,3,4
2026-08-01,13eca211-8db8-11f1-aa44-0a676d1aa88b,Enagic at Eastlake,4,4
2026-08-01,13eca211-8db8-11f1-aa44-0a676d1aa88b,Enagic at Eastlake,5,6
2026-08-01,13eca211-8db8-11f1-aa44-0a676d1aa88b,Enagic at Eastlake,6,5
2026-08-01,13eca211-8db8-11f1-aa44-0a676d1aa88b,Enagic at Eastlake,7,4
2026-08-01,13eca211-8db8-11f1-aa44-0a676d1aa88b,Enagic at Eastlake,8,3
2026-08-01,13eca211-8db8-11f1-aa44-0a676d1aa88b,Enagic at Eastlake,9,6
2026-08-01,13eca211-8db8-11f1-aa44-0a676d1aa88b,Enagic at Eastlake,10,6
2026-08-01,13eca211-8db8-11f1-aa44-0a676d1aa88b,Enagic at Eastlake,11,5
2026-08-01,13eca211-8db8-11f1-aa44-0a676d1aa88b,Enagic at Eastlake,12,4
2026-08-01,13eca211-8db8-11f1-aa44-0a676d1aa88b,Enagic at Eastlake,13,4
2026-08-01,13eca211-8db8-11f1-aa44-0a676d1aa88b,Enagic at Eastlake,14,8
2026-08-01,13eca211-8db8-11f1-aa44-0a676d1aa88b,Enagic at Eastlake,15,5
2026-08-01,13eca211-8db8-11f1-aa44-0a676d1aa88b,Enagic at Eastlake,16,6
2026-08-01,13eca211-8db8-11f1-aa44-0a676d1aa88b,Enagic at Eastlake,17,3
2026-08-01,13eca211-8db8-11f1-aa44-0a676d1aa88b,Enagic at Eastlake,18,5
2026-08-04,934269f0-9051-11f1-b077-02d9778a0d31,Enagic at Eastlake,1,4
2026-08-04,934269f0-9051-11f1-b077-02d9778a0d31,Enagic at Eastlake,2,5
2026-08-04,934269f0-9051-11f1-b077-02d9778a0d31,Enagic at Eastlake,3,4
2026-08-04,934269f0-9051-11f1-b077-02d9778a0d31,Enagic at Eastlake,4,3
2026-08-04,934269f0-9051-11f1-b077-02d9778a0d31,Enagic at Eastlake,5,6
2026-08-04,934269f0-9051-11f1-b077-02d9778a0d31,Enagic at Eastlake,6,4
2026-08-04,934269f0-9051-11f1-b077-02d9778a0d31,Enagic at Eastlake,7,3
2026-08-04,934269f0-9051-11f1-b077-02d9778a0d31,Enagic at Eastlake,8,5
2026-08-04,934269f0-9051-11f1-b077-02d9778a0d31,Enagic at Eastlake,9,6
2026-08-04,934269f0-9051-11f1-b077-02d9778a0d31,Enagic at Eastlake,10,5
2026-08-04,934269f0-9051-11f1-b077-02d9778a0d31,Enagic at Eastlake,11,5
2026-08-04,934269f0-9051-11f1-b077-02d9778a0d31,Enagic at Eastlake,12,4
2026-08-04,934269f0-9051-11f1-b077-02d9778a0d31,Enagic at Eastlake,13,4
2026-08-04,934269f0-9051-11f1-b077-02d9778a0d31,Enagic at Eastlake,14,4
2026-08-04,934269f0-9051-11f1-b077-02d9778a0d31,Enagic at Eastlake,15,5
2026-08-04,934269f0-9051-11f1-b077-02d9778a0d31,Enagic at Eastlake,16,4
2026-08-04,934269f0-9051-11f1-b077-02d9778a0d31,Enagic at Eastlake,17,5
2026-08-04,934269f0-9051-11f1-b077-02d9778a0d31,Enagic at Eastlake,18,5
2026-08-08,69998ed0-933f-11f1-8519-02e3a2bf5c95,Corica Park,1,5
2026-08-08,69998ed0-933f-11f1-8519-02e3a2bf5c95,Corica Park,2,6
2026-08-08,69998ed0-933f-11f1-8519-02e3a2bf5c95,Corica Park,3,5
2026-08-08,69998ed0-933f-11f1-8519-02e3a2bf5c95,Corica Park,4,2
2026-08-08,69998ed0-933f-11f1-8519-02e3a2bf5c95,Corica Park,5,8
2026-08-08,69998ed0-933f-11f1-8519-02e3a2bf5c95,Corica Park,6,5
2026-08-08,69998ed0-933f-11f1-8519-02e3a2bf5c95,Corica Park,7,5
2026-08-08,69998ed0-933f-11f1-8519-02e3a2bf5c95,Corica Park,8,5
2026-08-08,69998ed0-933f-11f1-8519-02e3a2bf5c95,Corica Park,9,6
2026-08-08,69998ed0-933f-11f1-8519-02e3a2bf5c95,Corica Park,10,5
2026-08-08,69998ed0-933f-11f1-8519-02e3a2bf5c95,Corica Park,11,4
2026-08-08,69998ed0-933f-11f1-8519-02e3a2bf5c95,Corica Park,12,4
2026-08-08,69998ed0-933f-11f1-8519-02e3a2bf5c95,Corica Park,13,4
2026-08-08,69998ed0-933f-11f1-8519-02e3a2bf5c95,Corica Park,14,6
2026-08-08,69998ed0-933f-11f1-8519-02e3a2bf5c95,Corica Park,15,6
2026-08-08,69998ed0-933f-11f1-8519-02e3a2bf5c95,Corica Park,16,6
2026-08-08,69998ed0-933f-11f1-8519-02e3a2bf5c95,Corica Park,17,3
2026-08-08,69998ed0-933f-11f1-8519-02e3a2bf5c95,Corica Park,18,5
2026-08-15,c5a824a0-98f0-11f1-90a6-0a676d1aa88b,Campestre de Tijuana,1,5
2026-08-15,c5a824a0-98f0-11f1-90a6-0a676d1aa88b,Campestre de Tijuana,2,3
2026-08-15,c5a824a0-98f0-11f1-90a6-0a676d1aa88b,Campestre de Tijuana,3,7
2026-08-15,c5a824a0-98f0-11f1-90a6-0a676d1aa88b,Campestre de Tijuana,4,4
2026-08-15,c5a824a0-98f0-11f1-90a6-0a676d1aa88b,Campestre de Tijuana,5,5
2026-08-15,c5a824a0-98f0-11f1-90a6-0a676d1aa88b,Campestre de Tijuana,6,4
2026-08-15,c5a824a0-98f0-11f1-90a6-0a676d1aa88b,Campestre de Tijuana,7,4
2026-08-15,c5a824a0-98f0-11f1-90a6-0a676d1aa88b,Campestre de Tijuana,8,5
2026-08-15,c5a824a0-98f0-11f1-90a6-0a676d1aa88b,Campestre de Tijuana,9,5
2026-08-15,c5a824a0-98f0-11f1-90a6-0a676d1aa88b,Campestre de Tijuana,10,6
2026-08-15,c5a824a0-98f0-11f1-90a6-0a676d1aa88b,Campestre de Tijuana,11,5
2026-08-15,c5a824a0-98f0-11f1-90a6-0a676d1aa88b,Campestre de Tijuana,12,3
2026-08-15,c5a824a0-98f0-11f1-90a6-0a676d1aa88b,Campestre de Tijuana,13,5
2026-08-15,c5a824a0-98f0-11f1-90a6-0a676d1aa88b,Campestre de Tijuana,14,5
2026-08-15,c5a824a0-98f0-11f1-90a6-0a676d1aa88b,Campestre de Tijuana,15,6
2026-08-15,c5a824a0-98f0-11f1-90a6-0a676d1aa88b,Campestre de Tijuana,16,5
2026-08-15,c5a824a0-98f0-11f1-90a6-0a676d1aa88b,Campestre de Tijuana,17,6
2026-08-15,c5a824a0-98f0-11f1-90a6-0a676d1aa88b,Campestre de Tijuana,18,4
2026-08-18,91f89ca0-9b59-11f1-8519-02e3a2bf5c95,Enagic at Eastlake,1,5
2026-08-18,91f89ca0-9b59-11f1-8519-02e3a2bf5c95,Enagic at Eastlake,2,4
2026-08-18,91f89ca0-9b59-11f1-8519-02e3a2bf5c95,Enagic at Eastlake,3,4
2026-08-18,91f89ca0-9b59-11f1-8519-02e3a2bf5c95,Enagic at Eastlake,4,3
2026-08-18,91f89ca0-9b59-11f1-8519-02e3a2bf5c95,Enagic at Eastlake,5,8
2026-08-18,91f89ca0-9b59-11f1-8519-02e3a2bf5c95,Enagic at Eastlake,6,7
2026-08-18,91f89ca0-9b59-11f1-8519-02e3a2bf5c95,Enagic at Eastlake,7,4
2026-08-18,91f89ca0-9b59-11f1-8519-02e3a2bf5c95,Enagic at Eastlake,8,4
2026-08-18,91f89ca0-9b59-11f1-8519-02e3a2bf5c95,Enagic at Eastlake,9,6
2026-08-18,91f89ca0-9b59-11f1-8519-02e3a2bf5c95,Enagic at Eastlake,10,6
2026-08-18,91f89ca0-9b59-11f1-8519-02e3a2bf5c95,Enagic at Eastlake,11,4
2026-08-18,91f89ca0-9b59-11f1-8519-02e3a2bf5c95,Enagic at Eastlake,12,5
2026-08-18,91f89ca0-9b59-11f1-8519-02e3a2bf5c95,Enagic at Eastlake,13,6
2026-08-18,91f89ca0-9b59-11f1-8519-02e3a2bf5c95,Enagic at Eastlake,14,5
2026-08-18,91f89ca0-9b59-11f1-8519-02e3a2bf5c95,Enagic at Eastlake,15,5
2026-08-18,91f89ca0-9b59-11f1-8519-02e3a2bf5c95,Enagic at Eastlake,16,6
2026-08-18,91f89ca0-9b59-11f1-8519-02e3a2bf5c95,Enagic at Eastlake,17,4
2026-08-18,91f89ca0-9b59-11f1-8519-02e3a2bf5c95,Enagic at Eastlake,18,5
2026-08-22,86d0e0f0-9e59-11f1-8519-02e3a2bf5c95,Campestre de Tijuana,1,5
2026-08-22,86d0e0f0-9e59-11f1-8519-02e3a2bf5c95,Campestre de Tijuana,2,3
2026-08-22,86d0e0f0-9e59-11f1-8519-02e3a2bf5c95,Campestre de Tijuana,3,5
2026-08-22,86d0e0f0-9e59-11f1-8519-02e3a2bf5c95,Campestre de Tijuana,4,5
2026-08-22,86d0e0f0-9e59-11f1-8519-02e3a2bf5c95,Campestre de Tijuana,5,4
2026-08-22,86d0e0f0-9e59-11f1-8519-02e3a2bf5c95,Campestre de Tijuana,6,4
2026-08-22,86d0e0f0-9e59-11f1-8519-02e3a2bf5c95,Campestre de Tijuana,7,4
2026-08-22,86d0e0f0-9e59-11f1-8519-02e3a2bf5c95,Campestre de Tijuana,8,5
2026-08-22,86d0e0f0-9e59-11f1-8519-02e3a2bf5c95,Campestre de Tijuana,9,6
2026-08-22,86d0e0f0-9e59-11f1-8519-02e3a2bf5c95,Campestre de Tijuana,10,5
2026-08-22,86d0e0f0-9e59-11f1-8519-02e3a2bf5c95,Campestre de Tijuana,11,5
2026-08-22,86d0e0f0-9e59-11f1-8519-02e3a2bf5c95,Campestre de Tijuana,12,2
2026-08-22,86d0e0f0-9e59-11f1-8519-02e3a2bf5c95,Campestre de Tijuana,13,5
2026-08-22,86d0e0f0-9e59-11f1-8519-02e3a2bf5c95,Campestre de Tijuana,14,4
2026-08-22,86d0e0f0-9e59-11f1-8519-02e3a2bf5c95,Campestre de Tijuana,15,5
2026-08-22,86d0e0f0-9e59-11f1-8519-02e3a2bf5c95,Campestre de Tijuana,16,5
2026-08-22,86d0e0f0-9e59-11f1-8519-02e3a2bf5c95,Campestre de Tijuana,17,5
2026-08-22,86d0e0f0-9e59-11f1-8519-02e3a2bf5c95,Campestre de Tijuana,18,5
2026-08-27,d66c62a0-a265-11f1-89c5-0a676d1aa88b,Enagic at Eastlake,1,4
2026-08-27,d66c62a0-a265-11f1-89c5-0a676d1aa88b,Enagic at Eastlake,2,4
2026-08-27,d66c62a0-a265-11f1-89c5-0a676d1aa88b,Enagic at Eastlake,3,4
2026-08-27,d66c62a0-a265-11f1-89c5-0a676d1aa88b,Enagic at Eastlake,4,3
2026-08-27,d66c62a0-a265-11f1-89c5-0a676d1aa88b,Enagic at Eastlake,5,7
2026-08-27,d66c62a0-a265-11f1-89c5-0a676d1aa88b,Enagic at Eastlake,6,5
2026-08-27,d66c62a0-a265-11f1-89c5-0a676d1aa88b,Enagic at Eastlake,7,3
2026-08-27,d66c62a0-a265-11f1-89c5-0a676d1aa88b,Enagic at Eastlake,8,4
2026-08-27,d66c62a0-a265-11f1-89c5-0a676d1aa88b,Enagic at Eastlake,9,5
2026-08-27,d66c62a0-a265-11f1-89c5-0a676d1aa88b,Enagic at Eastlake,10,3
2026-08-27,d66c62a0-a265-11f1-89c5-0a676d1aa88b,Enagic at Eastlake,11,6
2026-08-27,d66c62a0-a265-11f1-89c5-0a676d1aa88b,Enagic at Eastlake,12,3
2026-08-27,d66c62a0-a265-11f1-89c5-0a676d1aa88b,Enagic at Eastlake,13,4
2026-08-27,d66c62a0-a265-11f1-89c5-0a676d1aa88b,Enagic at Eastlake,14,5
2026-08-27,d66c62a0-a265-11f1-89c5-0a676d1aa88b,Enagic at Eastlake,15,4
2026-08-27,d66c62a0-a265-11f1-89c5-0a676d1aa88b,Enagic at Eastlake,16,4
2026-08-27,d66c62a0-a265-11f1-89c5-0a676d1aa88b,Enagic at Eastlake,17,3
2026-08-27,d66c62a0-a265-11f1-89c5-0a676d1aa88b,Enagic at Eastlake,18,5
2026-08-29,53baeb80-a3d0-11f1-89e1-0a13f7eef7bd,Enagic at Eastlake,1,6
2026-08-29,53baeb80-a3d0-11f1-89e1-0a13f7eef7bd,Enagic at Eastlake,2,5
2026-08-29,53baeb80-a3d0-11f1-89e1-0a13f7eef7bd,Enagic at Eastlake,3,4
2026-08-29,53baeb80-a3d0-11f1-89e1-0a13f7eef7bd,Enagic at Eastlake,4,3
2026-08-29,53baeb80-a3d0-11f1-89e1-0a13f7eef7bd,Enagic at Eastlake,5,7
2026-08-29,53baeb80-a3d0-11f1-89e1-0a13f7eef7bd,Enagic at Eastlake,6,5
2026-08-29,53baeb80-a3d0-11f1-89e1-0a13f7eef7bd,Enagic at Eastlake,7,3
2026-08-29,53baeb80-a3d0-11f1-89e1-0a13f7eef7bd,Enagic at Eastlake,8,4
2026-08-29,53baeb80-a3d0-11f1-89e1-0a13f7eef7bd,Enagic at Eastlake,9,6
2026-08-29,53baeb80-a3d0-11f1-89e1-0a13f7eef7bd,Enagic at Eastlake,10,3
2026-08-29,53baeb80-a3d0-11f1-89e1-0a13f7eef7bd,Enagic at Eastlake,11,4
2026-08-29,53baeb80-a3d0-11f1-89e1-0a13f7eef7bd,Enagic at Eastlake,12,3
2026-08-29,53baeb80-a3d0-11f1-89e1-0a13f7eef7bd,Enagic at Eastlake,13,4
2026-08-29,53baeb80-a3d0-11f1-89e1-0a13f7eef7bd,Enagic at Eastlake,14,7
2026-08-29,53baeb80-a3d0-11f1-89e1-0a13f7eef7bd,Enagic at Eastlake,15,6
2026-08-29,53baeb80-a3d0-11f1-89e1-0a13f7eef7bd,Enagic at Eastlake,16,4
2026-08-29,53baeb80-a3d0-11f1-89e1-0a13f7eef7bd,Enagic at Eastlake,17,4
2026-08-29,53baeb80-a3d0-11f1-89e1-0a13f7eef7bd,Enagic at Eastlake,18,5
2026-08-30,c0665c30-a487-11f1-be3b-0a676d1aa88b,Campestre de Tijuana,1,5
2026-08-30,c0665c30-a487-11f1-be3b-0a676d1aa88b,Campestre de Tijuana,2,3
2026-08-30,c0665c30-a487-11f1-be3b-0a676d1aa88b,Campestre de Tijuana,3,4
2026-08-30,c0665c30-a487-11f1-be3b-0a676d1aa88b,Campestre de Tijuana,4,5
2026-08-30,c0665c30-a487-11f1-be3b-0a676d1aa88b,Campestre de Tijuana,5,4
2026-08-30,c0665c30-a487-11f1-be3b-0a676d1aa88b,Campestre de Tijuana,6,5
2026-08-30,c0665c30-a487-11f1-be3b-0a676d1aa88b,Campestre de Tijuana,7,6
2026-08-30,c0665c30-a487-11f1-be3b-0a676d1aa88b,Campestre de Tijuana,8,6
2026-08-30,c0665c30-a487-11f1-be3b-0a676d1aa88b,Campestre de Tijuana,9,5
2026-08-30,c0665c30-a487-11f1-be3b-0a676d1aa88b,Campestre de Tijuana,10,4
2026-08-30,c0665c30-a487-11f1-be3b-0a676d1aa88b,Campestre de Tijuana,11,4
2026-08-30,c0665c30-a487-11f1-be3b-0a676d1aa88b,Campestre de Tijuana,12,4
2026-08-30,c0665c30-a487-11f1-be3b-0a676d1aa88b,Campestre de Tijuana,13,4
2026-08-30,c0665c30-a487-11f1-be3b-0a676d1aa88b,Campestre de Tijuana,14,4
2026-08-30,c0665c30-a487-11f1-be3b-0a676d1aa88b,Campestre de Tijuana,15,4
2026-08-30,c0665c30-a487-11f1-be3b-0a676d1aa88b,Campestre de Tijuana,16,5
2026-08-30,c0665c30-a487-11f1-be3b-0a676d1aa88b,Campestre de Tijuana,17,7
2026-08-30,c0665c30-a487-11f1-be3b-0a676d1aa88b,Campestre de Tijuana,18,3
2026-09-02,9651f2d0-a719-11f1-be3b-0a676d1aa88b,Enagic at Eastlake,1,3
2026-09-02,9651f2d0-a719-11f1-be3b-0a676d1aa88b,Enagic at Eastlake,2,5
2026-09-02,9651f2d0-a719-11f1-be3b-0a676d1aa88b,Enagic at Eastlake,3,3
2026-09-02,9651f2d0-a719-11f1-be3b-0a676d1aa88b,Enagic at Eastlake,4,4
2026-09-02,9651f2d0-a719-11f1-be3b-0a676d1aa88b,Enagic at Eastlake,5,6
2026-09-02,9651f2d0-a719-11f1-be3b-0a676d1aa88b,Enagic at Eastlake,6,5
2026-09-02,9651f2d0-a719-11f1-be3b-0a676d1aa88b,Enagic at Eastlake,7,4
2026-09-02,9651f2d0-a719-11f1-be3b-0a676d1aa88b,Enagic at Eastlake,8,4
2026-09-02,9651f2d0-a719-11f1-be3b-0a676d1aa88b,Enagic at Eastlake,9,4
2026-09-02,9651f2d0-a719-11f1-be3b-0a676d1aa88b,Enagic at Eastlake,10,4
2026-09-02,9651f2d0-a719-11f1-be3b-0a676d1aa88b,Enagic at Eastlake,11,4
2026-09-02,9651f2d0-a719-11f1-be3b-0a676d1aa88b,Enagic at Eastlake,12,3
2026-09-02,9651f2d0-a719-11f1-be3b-0a676d1aa88b,Enagic at Eastlake,13,4
2026-09-02,9651f2d0-a719-11f1-be3b-0a676d1aa88b,Enagic at Eastlake,14,6
2026-09-02,9651f2d0-a719-11f1-be3b-0a676d1aa88b,Enagic at Eastlake,15,6
2026-09-02,9651f2d0-a719-11f1-be3b-0a676d1aa88b,Enagic at Eastlake,16,5
2026-09-02,9651f2d0-a719-11f1-be3b-0a676d1aa88b,Enagic at Eastlake,17,4
2026-09-02,9651f2d0-a719-11f1-be3b-0a676d1aa88b,Enagic at Eastlake,18,4
2026-09-03,8dea18a0-a7e3-11f1-8b78-02d9778a0d31,Incline Village,1,8
2026-09-03,8dea18a0-a7e3-11f1-8b78-02d9778a0d31,Incline Village,2,4
2026-09-03,8dea18a0-a7e3-11f1-8b78-02d9778a0d31,Incline Village,3,5
2026-09-03,8dea18a0-a7e3-11f1-8b78-02d9778a0d31,Incline Village,4,6
2026-09-03,8dea18a0-a7e3-11f1-8b78-02d9778a0d31,Incline Village,5,6
2026-09-03,8dea18a0-a7e3-11f1-8b78-02d9778a0d31,Incline Village,6,6
2026-09-03,8dea18a0-a7e3-11f1-8b78-02d9778a0d31,Incline Village,7,4
2026-09-03,8dea18a0-a7e3-11f1-8b78-02d9778a0d31,Incline Village,8,4
2026-09-03,8dea18a0-a7e3-11f1-8b78-02d9778a0d31,Incline Village,9,7
2026-09-03,8dea18a0-a7e3-11f1-8b78-02d9778a0d31,Incline Village,10,6
2026-09-03,8dea18a0-a7e3-11f1-8b78-02d9778a0d31,Incline Village,11,7
2026-09-03,8dea18a0-a7e3-11f1-8b78-02d9778a0d31,Incline Village,12,4
2026-09-03,8dea18a0-a7e3-11f1-8b78-02d9778a0d31,Incline Village,13,5
2026-09-03,8dea18a0-a7e3-11f1-8b78-02d9778a0d31,Incline Village,14,4
2026-09-03,8dea18a0-a7e3-11f1-8b78-02d9778a0d31,Incline Village,15,7
2026-09-03,8dea18a0-a7e3-11f1-8b78-02d9778a0d31,Incline Village,16,5
2026-09-03,8dea18a0-a7e3-11f1-8b78-02d9778a0d31,Incline Village,17,5
2026-09-03,8dea18a0-a7e3-11f1-8b78-02d9778a0d31,Incline Village,18,6
2026-09-04,bd436370-a87b-11f1-8b78-02d9778a0d31,Incline Village,1,5
2026-09-04,bd436370-a87b-11f1-8b78-02d9778a0d31,Incline Village,2,5
2026-09-04,bd436370-a87b-11f1-8b78-02d9778a0d31,Incline Village,3,6
2026-09-04,bd436370-a87b-11f1-8b78-02d9778a0d31,Incline Village,4,4
2026-09-04,bd436370-a87b-11f1-8b78-02d9778a0d31,Incline Village,5,7
2026-09-04,bd436370-a87b-11f1-8b78-02d9778a0d31,Incline Village,6,4
2026-09-04,bd436370-a87b-11f1-8b78-02d9778a0d31,Incline Village,7,4
2026-09-04,bd436370-a87b-11f1-8b78-02d9778a0d31,Incline Village,8,4
2026-09-04,bd436370-a87b-11f1-8b78-02d9778a0d31,Incline Village,9,5
2026-09-04,bd436370-a87b-11f1-8b78-02d9778a0d31,Incline Village,10,7
2026-09-04,bd436370-a87b-11f1-8b78-02d9778a0d31,Incline Village,11,7
2026-09-04,bd436370-a87b-11f1-8b78-02d9778a0d31,Incline Village,12,6
2026-09-04,bd436370-a87b-11f1-8b78-02d9778a0d31,Incline Village,13,7
2026-09-04,bd436370-a87b-11f1-8b78-02d9778a0d31,Incline Village,14,3
2026-09-04,bd436370-a87b-11f1-8b78-02d9778a0d31,Incline Village,15,6
2026-09-04,bd436370-a87b-11f1-8b78-02d9778a0d31,Incline Village,16,5
2026-09-04,bd436370-a87b-11f1-8b78-02d9778a0d31,Incline Village,17,3
2026-09-04,bd436370-a87b-11f1-8b78-02d9778a0d31,Incline Village,18,7
2026-09-08,69c811b0-abd1-11f1-8b78-02d9778a0d31,Enagic at Eastlake,1,5
2026-09-08,69c811b0-abd1-11f1-8b78-02d9778a0d31,Enagic at Eastlake,2,7
2026-09-08,69c811b0-abd1-11f1-8b78-02d9778a0d31,Enagic at Eastlake,3,5
2026-09-08,69c811b0-abd1-11f1-8b78-02d9778a0d31,Enagic at Eastlake,4,4
2026-09-08,69c811b0-abd1-11f1-8b78-02d9778a0d31,Enagic at Eastlake,5,6
2026-09-08,69c811b0-abd1-11f1-8b78-02d9778a0d31,Enagic at Eastlake,6,5
2026-09-08,69c811b0-abd1-11f1-8b78-02d9778a0d31,Enagic at Eastlake,7,4
2026-09-08,69c811b0-abd1-11f1-8b78-02d9778a0d31,Enagic at Eastlake,8,5
2026-09-08,69c811b0-abd1-11f1-8b78-02d9778a0d31,Enagic at Eastlake,9,5
2026-09-08,69c811b0-abd1-11f1-8b78-02d9778a0d31,Enagic at Eastlake,10,4
2026-09-08,69c811b0-abd1-11f1-8b78-02d9778a0d31,Enagic at Eastlake,11,5
2026-09-08,69c811b0-abd1-11f1-8b78-02d9778a0d31,Enagic at Eastlake,12,4
2026-09-08,69c811b0-abd1-11f1-8b78-02d9778a0d31,Enagic at Eastlake,13,4
2026-09-08,69c811b0-abd1-11f1-8b78-02d9778a0d31,Enagic at Eastlake,14,6
2026-09-08,69c811b0-abd1-11f1-8b78-02d9778a0d31,Enagic at Eastlake,15,5
2026-09-08,69c811b0-abd1-11f1-8b78-02d9778a0d31,Enagic at Eastlake,16,5
2026-09-08,69c811b0-abd1-11f1-8b78-02d9778a0d31,Enagic at Eastlake,17,3
2026-09-08,69c811b0-abd1-11f1-8b78-02d9778a0d31,Enagic at Eastlake,18,4
2026-09-11,0caf3260-ae24-11f1-9eb9-02e3a2bf5c95,Enagic at Eastlake,1,4
2026-09-11,0caf3260-ae24-11f1-9eb9-02e3a2bf5c95,Enagic at Eastlake,2,4
2026-09-11,0caf3260-ae24-11f1-9eb9-02e3a2bf5c95,Enagic at Eastlake,3,4
2026-09-11,0caf3260-ae24-11f1-9eb9-02e3a2bf5c95,Enagic at Eastlake,4,5
2026-09-11,0caf3260-ae24-11f1-9eb9-02e3a2bf5c95,Enagic at Eastlake,5,6
2026-09-11,0caf3260-ae24-11f1-9eb9-02e3a2bf5c95,Enagic at Eastlake,6,5
2026-09-11,0caf3260-ae24-11f1-9eb9-02e3a2bf5c95,Enagic at Eastlake,7,4
2026-09-11,0caf3260-ae24-11f1-9eb9-02e3a2bf5c95,Enagic at Eastlake,8,5
2026-09-11,0caf3260-ae24-11f1-9eb9-02e3a2bf5c95,Enagic at Eastlake,9,5
2026-09-11,0caf3260-ae24-11f1-9eb9-02e3a2bf5c95,Enagic at Eastlake,10,5
2026-09-11,0caf3260-ae24-11f1-9eb9-02e3a2bf5c95,Enagic at Eastlake,11,4
2026-09-11,0caf3260-ae24-11f1-9eb9-02e3a2bf5c95,Enagic at Eastlake,12,4
2026-09-11,0caf3260-ae24-11f1-9eb9-02e3a2bf5c95,Enagic at Eastlake,13,4
2026-09-11,0caf3260-ae24-11f1-9eb9-02e3a2bf5c95,Enagic at Eastlake,14,5
2026-09-11,0caf3260-ae24-11f1-9eb9-02e3a2bf5c95,Enagic at Eastlake,15,4
2026-09-11,0caf3260-ae24-11f1-9eb9-02e3a2bf5c95,Enagic at Eastlake,16,4
2026-09-11,0caf3260-ae24-11f1-9eb9-02e3a2bf5c95,Enagic at Eastlake,17,3
2026-09-11,0caf3260-ae24-11f1-9eb9-02e3a2bf5c95,Enagic at Eastlake,18,6
2026-09-15,74030110-b150-11f1-91fb-068d11321665,Enagic at Eastlake,1,6
2026-09-15,74030110-b150-11f1-91fb-068d11321665,Enagic at Eastlake,2,4
2026-09-15,74030110-b150-11f1-91fb-068d11321665,Enagic at Eastlake,3,5
2026-09-15,74030110-b150-11f1-91fb-068d11321665,Enagic at Eastlake,4,4
2026-09-15,74030110-b150-11f1-91fb-068d11321665,Enagic at Eastlake,5,6
2026-09-15,74030110-b150-11f1-91fb-068d11321665,Enagic at Eastlake,6,4
2026-09-15,74030110-b150-11f1-91fb-068d11321665,Enagic at Eastlake,7,3
2026-09-15,74030110-b150-11f1-91fb-068d11321665,Enagic at Eastlake,8,4
2026-09-15,74030110-b150-11f1-91fb-068d11321665,Enagic at Eastlake,9,8
2026-09-15,74030110-b150-11f1-91fb-068d11321665,Enagic at Eastlake,10,5
2026-09-15,74030110-b150-11f1-91fb-068d11321665,Enagic at Eastlake,11,5
2026-09-15,74030110-b150-11f1-91fb-068d11321665,Enagic at Eastlake,12,2
2026-09-15,74030110-b150-11f1-91fb-068d11321665,Enagic at Eastlake,13,5
2026-09-15,74030110-b150-11f1-91fb-068d11321665,Enagic at Eastlake,14,6
2026-09-15,74030110-b150-11f1-91fb-068d11321665,Enagic at Eastlake,15,6
2026-09-15,74030110-b150-11f1-91fb-068d11321665,Enagic at Eastlake,16,4
2026-09-15,74030110-b150-11f1-91fb-068d11321665,Enagic at Eastlake,17,5
2026-09-15,74030110-b150-11f1-91fb-068d11321665,Enagic at Eastlake,18,5
